id,username,name,surname,email,phone,address,createdAt,income_level,parent_highest_education_level,parent_support_index
parentid_1,hbaglow0,Yusuf,Okafor,pboulger0@dion.ne.jp,911-744-4254,663 Bay Crossing,2023-08-19T04:37:39Z,Between50kTo100k,Master,7
parentid_2,scossons1,Dayo,Patel,pioan1@zimbio.com,207-276-3693,7834 Corscot Terrace,2019-12-05T05:47:41Z,Above5m,Master,10
parentid_3,kassante2,Thabo,Afolabi,fklausen2@reference.com,416-968-6914,7 International Point,2023-04-29T02:27:50Z,Between100kTo200k,Master,4
parentid_4,othomesson3,Yusuf,Ngwenya,cbenedtti3@example.com,964-866-4264,284 Dennis Way,2023-03-24T09:48:46Z,Between100kTo200k,Primary,2
parentid_5,fcejka4,Ahmed,Abiodun,sboultwood4@msn.com,804-491-5247,673 Debra Road,2020-10-07T13:57:11Z,Between500kTo1m,Doctoral,8
parentid_6,zjacobowitz5,Abdulrahman,Ngwenya,kmaylott5@google.com.au,419-745-2836,3 Eagan Way,2020-08-21T09:19:51Z,Below50k,Master,6
parentid_7,docodihie6,Ayo,Kallon,askett6@vk.com,338-321-9966,8 Mockingbird Crossing,2019-05-07T08:25:59Z,Between2mTo5m,Master,5
parentid_8,ccorradeschi7,Nia,Odetoyinbo,hsmorthit7@berkeley.edu,668-900-6093,3 Ridge Oak Pass,2024-07-01T23:58:21Z,Between200kTo500k,Master,3
parentid_9,rbrinkworth8,Ayo,Mthembu,ethody8@cnbc.com,990-789-8887,6451 Bunting Avenue,2022-12-09T02:51:14Z,Between200kTo500k,Master,2
parentid_10,ivarker9,Rachel,Xaba,mhavis9@lycos.com,430-987-3237,595 Kropf Hill,2020-03-26T06:42:31Z,Between500kTo1m,Master,9
parentid_11,kriccioa,Penda,Gbadamosi,ebrookera@free.fr,610-777-1512,25 Waubesa Drive,2021-03-08T22:47:43Z,Above5m,Master,3
parentid_12,aknowlerb,Ife,Tandoh,mloteb@symantec.com,207-176-6999,68032 Sullivan Street,2021-12-02T05:01:40Z,Below50k,Master,2
parentid_13,wgreensladec,Thabo,Hlongwane,gtubbyc@weibo.com,950-446-3634,852 Melody Place,2019-10-31T07:02:56Z,Above5m,Master,7
parentid_14,halexsandrovichd,Hassan.,Patel,tmaypoled@gravatar.com,685-151-0096,4044 Almo Terrace,2022-08-31T20:32:00Z,Between200kTo500k,Bachelor,10
parentid_15,sgligorie,Baraka,Chukwu,ddemitrise@house.gov,184-673-1685,969 Monterey Parkway,2023-01-29T21:58:14Z,Between500kTo1m,Other,9
parentid_16,npeerlessf,Deborah,Vundla,rchittendenf@apple.com,905-206-6056,7 Judy Way,2022-03-12T14:49:56Z,Between100kTo200k,Bachelor,10
parentid_17,rhamsong,Babajide,Fofana,drabatg@alibaba.com,700-493-1309,06300 Dakota Terrace,2022-11-17T15:35:27Z,Between50kTo100k,Master,3
parentid_18,lkasparskih,Ibrahim,Quaye,skilianh@soundcloud.com,634-737-7438,03 Oxford Court,2022-09-08T22:18:22Z,Below50k,Master,8
parentid_19,bslimmi,Imani,Yakubu,wgyveri@drupal.org,269-646-9430,6 Brickson Park Place,2019-11-29T03:37:17Z,Below50k,Master,8
parentid_20,bcraigmylej,Dayo,Sankoh,hmatiewej@wordpress.com,711-404-1490,76 Tennessee Circle,2020-03-30T09:16:00Z,Above5m,Master,5
parentid_21,tblazejk,Victoria,Odetoyinbo,dclerck@xrea.com,911-798-5990,8 School Avenue,2019-06-14T00:21:12Z,Between2mTo5m,Master,7
parentid_22,uuccellol,Zuberi,Mamba,sstenningsl@goo.ne.jp,202-128-8924,0110 Pawling Center,2024-03-21T23:20:46Z,Above5m,Master,3
parentid_23,dpalfreemanm,Hannah,Ngwenya,gtubbym@mlb.com,560-933-6944,05949 Morrow Lane,2021-04-22T15:01:18Z,Between1mTo2m,Master,1
parentid_24,sjoontjesn,Omar,Quagraine,lcleynaertn@shinystat.com,729-543-2252,768 Melrose Avenue,2024-06-04T23:03:45Z,Between100kTo200k,Bachelor,3
parentid_25,mkaaskoopero,Rashida,Okafor,fkennellyo@digg.com,736-983-7800,3 Coleman Trail,2023-08-25T15:38:04Z,Above5m,Master,6
parentid_26,ddoonep,Malik,Fatunde,mkempp@godaddy.com,819-207-6753,081 Farragut Way,2018-12-18T10:00:48Z,Between1mTo2m,Master,7
parentid_27,eivicq,Emmanuel,Ngwenya,cpaleyq@163.com,999-347-9420,395 Pankratz Hill,2018-11-27T14:00:27Z,Between500kTo1m,Master,2
parentid_28,yconroyr,Malik,Zulu,khumerstoner@businessweek.com,406-855-4979,6 Manitowish Trail,2023-09-13T15:56:07Z,Between50kTo100k,Master,8
parentid_29,breynoolldss,Elizabeth,Zulu,bgowars@amazon.co.jp,642-323-0653,29 Stuart Junction,2024-02-28T02:25:29Z,Above5m,Master,7
parentid_30,ttargettert,Dalia,Juma,vgoulbornt@blogtalkradio.com,728-378-2212,85699 Chinook Place,2024-03-03T00:47:31Z,Between500kTo1m,Master,10
parentid_31,ejozaitisu,Akua,Lamine,tlisleu@behance.net,981-242-1552,2 Monica Road,2019-12-05T04:22:38Z,Between200kTo500k,Master,8
parentid_32,gwalkingtonv,Zainab,Vundla,cmaccallv@upenn.edu,198-975-8023,21939 Anthes Hill,2021-09-10T18:48:28Z,Between500kTo1m,Master,10
parentid_33,wisleyw,William,Balewa,hstanwayw@odnoklassniki.ru,733-679-3769,43731 Tennyson Place,2022-06-28T16:51:02Z,Between50kTo100k,Master,5
parentid_34,ksnoddyx,Dalia,Fofana,acozensx@biblegateway.com,852-380-0618,71 Larry Alley,2022-04-16T12:02:47Z,Between1mTo2m,Master,10
parentid_35,plemmony,Femi,Kallon,yhirjaky@princeton.edu,359-627-4307,0414 Village Point,2021-07-11T19:23:27Z,Between200kTo500k,Master,1
parentid_36,rgartonz,Olufemi,Odunsi,ggritskovz@amazonaws.com,273-909-2176,601 Sachs Street,2023-10-10T03:31:57Z,Between100kTo200k,Master,8
parentid_37,ndunnan10,Christopher,Malik,vburgen10@google.cn,678-609-8291,59231 Westport Crossing,2023-08-16T18:40:23Z,Between1mTo2m,Master,8
parentid_38,bfowley11,Omar,Radebe,mfoyle11@opensource.org,991-261-2406,55 Union Way,2019-03-02T09:11:47Z,Above5m,Master,8
parentid_39,rmanz12,Penda,Vundla,ikornas12@mozilla.org,639-204-8155,0 Portage Road,2019-05-27T08:43:23Z,Between100kTo200k,Bachelor,4
parentid_40,sspendlove13,Nneka,Juma,llugard13@sphinn.com,259-545-0635,946 Troy Way,2020-12-20T23:42:03Z,Between100kTo200k,Master,7
parentid_41,jdipietro14,Babajide,Wade,tkeerl14@bloglines.com,188-143-3479,1388 Manley Point,2022-04-22T22:25:39Z,Between2mTo5m,Master,7
parentid_42,vseeds15,Imani,Fofana,ssehorsch15@google.com,804-890-5906,1547 Ohio Crossing,2022-07-06T21:42:43Z,Between100kTo200k,Master,1
parentid_43,jrodder16,Ife,Kallon,cbaldwin16@ifeng.com,127-639-6214,02 David Way,2019-07-05T12:05:53Z,Between200kTo500k,Other,6
parentid_44,hflaherty17,Nafisa,Yakubu,nroggero17@boston.com,787-757-8170,9042 Porter Way,2020-10-13T02:23:38Z,Above5m,Doctoral,5
parentid_45,ivanrembrandt18,Abdullai,Dlamini,jblackledge18@acquirethisname.com,499-264-6015,14 Bultman Plaza,2021-02-28T13:58:36Z,Below50k,Master,7
parentid_46,sgarratt19,Khamisi,Juma,osergeant19@wufoo.com,834-453-1446,61 Ronald Regan Parkway,2019-08-16T16:34:22Z,Between500kTo1m,Master,3
parentid_47,rassinder1a,Daniel,Quagraine,cstiven1a@tripod.com,178-594-9868,96754 Manufacturers Park,2021-03-21T23:05:54Z,Above5m,Bachelor,6
parentid_48,dren1b,Michael,Langa,pdangerfield1b@blogs.com,264-540-9650,84604 Logan Junction,2021-10-10T08:02:23Z,Between1mTo2m,Master,4
parentid_49,cleyson1c,Themba,Sisulu,gwarbys1c@ebay.com,160-376-2090,78 Warbler Point,2024-04-19T20:49:34Z,Between100kTo200k,Master,6
parentid_50,mearles1d,Tunde,Dlamini,mbiernat1d@t-online.de,305-911-8412,63963 Lillian Avenue,2020-10-14T08:58:25Z,Between200kTo500k,Master,5
parentid_51,jmuslim1e,Mohammed,Raji,tglawsop1e@blogs.com,484-606-3893,0001 Mockingbird Parkway,2023-08-21T09:04:19Z,Between200kTo500k,Master,10
parentid_52,efontes1f,Joshua,Fofana,bfasham1f@fema.gov,452-237-9247,5991 Crescent Oaks Pass,2024-01-10T04:06:13Z,Between1mTo2m,Master,10
parentid_53,ltilby1g,Ayo,Pityana,kbysshe1g@list-manage.com,758-675-2419,116 Alpine Place,2021-03-03T15:21:20Z,Between1mTo2m,Bachelor,7
parentid_54,dhutcheson1h,Jabari,Fatunde,obarnfather1h@dailymotion.com,696-114-0022,2347 Kingsford Way,2020-02-07T18:10:40Z,Between50kTo100k,Master,1
parentid_55,jmacturlough1i,Rashida,Gbadamosi,bpartrick1i@delicious.com,524-600-3269,1 Moland Pass,2021-04-17T18:46:01Z,Below50k,Master,4
parentid_56,lbartczak1j,Femi,Patel,fcometti1j@is.gd,946-166-9243,42168 Norway Maple Center,2023-10-07T03:25:34Z,Between200kTo500k,Master,8
parentid_57,nrhelton1k,Joseph,Juma,elongo1k@admin.ch,174-615-1189,877 Esch Plaza,2023-12-22T11:42:35Z,Between100kTo200k,Master,3
parentid_58,cqualtro1l,Hannah,Sankoh,babella1l@uiuc.edu,590-168-8587,6663 West Way,2021-02-27T20:07:44Z,Between50kTo100k,Master,3
parentid_59,fdytham1m,Esther,Adedeji,ymitie1m@google.com,939-403-0021,40 Mccormick Center,2023-06-19T17:50:53Z,Below50k,Master,7
parentid_60,cmaynard1n,Malik,Wade,wmcelrath1n@boston.com,463-682-2636,537 Monica Lane,2020-06-23T14:52:15Z,Between1mTo2m,Master,5
parentid_61,yparkin1o,Amina,Fofana,nsmiley1o@eepurl.com,491-221-3604,5 East Drive,2022-07-16T11:14:17Z,Below50k,Master,1
parentid_62,wmoneti1p,Sarah,Okafor,dsmaile1p@nationalgeographic.com,840-913-7513,917 Evergreen Street,2022-10-16T21:13:19Z,Between50kTo100k,Master,3
parentid_63,jphinn1q,Nafisa,Babalola,dbirdwhistle1q@mysql.com,588-203-2624,5660 Sutteridge Hill,2022-01-02T14:12:35Z,Between2mTo5m,Master,7
parentid_64,agriffey1r,Malik,Wade,vmatfin1r@ow.ly,618-631-5127,06 Stephen Center,2023-01-19T12:20:26Z,Between100kTo200k,Master,7
parentid_65,wgoodboddy1s,Amina,Hlongwane,tplaster1s@hc360.com,779-323-0511,72 Green Parkway,2023-02-20T19:44:02Z,Below50k,Master,3
parentid_66,bomrod1t,Amina,Langa,cgarvill1t@cpanel.net,136-815-0062,16 Linden Terrace,2019-03-13T15:14:17Z,Above5m,Master,10
parentid_67,cmccleod1u,Abdullai,Patel,mattenburrow1u@wp.com,410-781-9005,87451 Lukken Plaza,2021-07-03T18:45:31Z,Between500kTo1m,Master,3
parentid_68,arabbitts1v,Ibrahim,Gbadamosi,gcough1v@yandex.ru,588-126-7030,2282 Granby Avenue,2023-10-27T16:02:32Z,Between2mTo5m,Master,4
parentid_69,nbeirne1w,Yusuf,Ibrahim,dramsbotham1w@lycos.com,557-826-6810,9 Huxley Point,2020-07-27T16:25:03Z,Below50k,Master,7
parentid_70,gbuttrey1x,Habiba,Sankoh,tallone1x@xinhuanet.com,797-106-9183,7304 Haas Pass,2023-11-27T03:34:01Z,Below50k,Master,6
parentid_71,omumbeson1y,Hannah,Jallow,zgreenlies1y@wsj.com,957-695-0826,972 Heath Hill,2024-04-15T07:31:22Z,Between2mTo5m,Master,8
parentid_72,jmaving1z,Akua,Babalola,mmesser1z@discovery.com,585-952-8204,70 Forster Parkway,2022-10-10T08:40:58Z,Below50k,Master,1
parentid_73,ainnot20,Khamisi,Nafisa,cpimlock20@flavors.me,781-118-7477,342 Petterle Trail,2021-08-03T16:37:42Z,Between50kTo100k,Other,8
parentid_74,gcumesky21,Rachel,Yakubu,abooton21@surveymonkey.com,629-256-8256,013 Clarendon Road,2019-08-15T07:30:27Z,Between100kTo200k,Other,9
parentid_75,nscoon22,Jamila,Dlamini,mlouche22@liveinternet.ru,221-700-8264,0491 Almo Alley,2023-12-07T17:50:19Z,Between50kTo100k,Master,2
parentid_76,wpeddowe23,Malik,Mthembu,pcrevy23@e-recht24.de,807-410-7637,98 Johnson Terrace,2022-08-30T20:39:57Z,Between50kTo100k,Master,5
parentid_77,sbebbell24,Zainab,Zulu,akelsey24@ucla.edu,268-243-4936,1526 Maywood Avenue,2022-06-26T22:22:15Z,Between100kTo200k,Bachelor,4
parentid_78,rmusslewhite25,Habiba,Quagraine,acarek25@mozilla.org,893-689-9310,1044 Utah Center,2019-05-25T00:44:20Z,Between1mTo2m,Doctoral,7
parentid_79,bcraigg26,Gabriel,Kallon,jelverston26@utexas.edu,596-768-8872,678 Warner Junction,2023-12-01T20:33:04Z,Between100kTo200k,Master,1
parentid_80,kleuchars27,Aisha,Fatunde,dbertwistle27@imageshack.us,730-685-0283,29 Dennis Parkway,2021-02-21T15:45:14Z,Between2mTo5m,Master,10
parentid_81,asalthouse28,Dayo,Fofana,hcoram28@cdc.gov,163-259-9130,78776 7th Center,2023-09-02T01:27:53Z,Between2mTo5m,Master,3
parentid_82,sodonohue29,Abdullai,Lamine,bjerzak29@wordpress.org,522-759-4069,1494 Rockefeller Lane,2024-07-01T09:13:37Z,Between2mTo5m,Master,7
parentid_83,sempson2a,Amara,Tshabalala,akerrich2a@pinterest.com,218-219-1469,26 Boyd Avenue,2022-04-17T19:43:19Z,Between200kTo500k,Master,7
parentid_84,mpreddle2b,Zuberi,Jallow,sblaymires2b@abc.net.au,913-261-3993,3841 Loeprich Trail,2020-05-28T04:21:33Z,Between50kTo100k,Master,10
parentid_85,cklemencic2c,Mosi Emily,Gwala,chalstead2c@wisc.edu,445-993-1418,2494 Melvin Road,2021-05-03T08:28:17Z,Between500kTo1m,Other,3
parentid_86,smerwood2d,Chinedu,Amina,drevill2d@webnode.com,364-641-5454,6241 Del Sol Plaza,2020-03-04T04:16:59Z,Below50k,Doctoral,10
parentid_87,cclose2e,Mohammed,Kallon,rgiorgetti2e@booking.com,722-378-5242,69 Twin Pines Hill,2022-11-29T20:42:38Z,Above5m,Secondary,9
parentid_88,obracegirdle2f,Rashida,Abiodun,rleverette2f@flavors.me,162-552-3899,666 Declaration Terrace,2023-08-28T19:57:34Z,Between500kTo1m,Master,8
parentid_89,ksywell2g,Themba,Dlamini,sheiss2g@bluehost.com,157-761-3014,551 4th Court,2020-05-31T18:32:41Z,Between50kTo100k,Master,7
parentid_90,rconnaughton2h,Victoria,Afolabi,vflute2h@thetimes.co.uk,357-755-5718,6 Gulseth Terrace,2022-02-11T04:04:18Z,Between500kTo1m,Doctoral,10
parentid_91,nhickeringill2i,Malik,Tandoh,mkuschel2i@chronoengine.com,150-456-4012,14764 Debs Trail,2021-07-06T20:27:44Z,Between100kTo200k,Master,4
parentid_92,tjakuszewski2j,Fatima,Afolabi,ffaveryear2j@bigcartel.com,741-315-4312,841 Lerdahl Lane,2019-07-13T06:54:21Z,Between2mTo5m,Master,10
parentid_93,gricciardo2k,Olufemi,Pityana,hparzis2k@home.pl,394-888-0162,18058 Beilfuss Court,2021-06-27T02:00:44Z,Between1mTo2m,Bachelor,1
parentid_94,datcheson2l,Samuel,Adedeji,aduigenan2l@nps.gov,402-251-8474,8797 John Wall Place,2024-04-03T08:17:16Z,Between200kTo500k,Master,7
parentid_95,jbowlands2m,Hannah,Mthembu,rsplevins2m@mozilla.com,908-812-4332,9468 Homewood Drive,2019-03-29T10:41:24Z,Between200kTo500k,Master,7
parentid_96,jcroci2n,Wale,Abdullai,alehr2n@buzzfeed.com,235-310-1091,6 Northwestern Parkway,2021-06-11T19:40:46Z,Between50kTo100k,Doctoral,9
parentid_97,dleat2o,Ali,Yakubu,dpere2o@shareasale.com,528-230-3959,892 Victoria Pass,2023-04-26T14:01:29Z,Between100kTo200k,Master,4
parentid_98,thixley2p,Lerato,Ekwenugo,dgilford2p@slate.com,936-871-4748,94269 Hermina Terrace,2020-11-09T06:52:06Z,Between200kTo500k,Bachelor,1
parentid_99,mwells2q,Kwame,Ibrahim,gpassler2q@vinaora.com,529-979-4103,4308 Bluejay Drive,2021-12-10T12:33:24Z,Between200kTo500k,Master,2
parentid_100,lwarriner2r,Hassan.,Abdullai,fburgwin2r@mail.ru,304-505-1896,7052 Rusk Park,2019-09-08T03:57:51Z,Between200kTo500k,Master,9
parentid_101,enowakowska2s,Deborah,Gwala,dworstall2s@rakuten.co.jp,637-320-9338,03 Gale Court,2019-01-28T02:05:32Z,Between50kTo100k,Master,1
parentid_102,aquigg2t,Ibrahim,Chukwu,ddruery2t@t.co,474-592-9821,696 Elka Street,2022-02-13T19:57:36Z,Between50kTo100k,Master,4
parentid_103,veames2u,Babajide,Okafor,gthurgood2u@quantcast.com,699-637-8250,3480 Merchant Hill,2023-08-06T13:01:49Z,Between50kTo100k,Master,9
parentid_104,amonger2v,Imani,Pityana,alackmann2v@shutterfly.com,653-601-9671,893 Almo Way,2024-03-08T06:32:10Z,Between100kTo200k,Master,6
parentid_105,jbredbury2w,Jamila,Xaba,sthunderchief2w@typepad.com,115-732-6521,51 Stone Corner Junction,2021-05-10T03:52:43Z,Between1mTo2m,Bachelor,7
parentid_106,drackley2x,Samuel,Raji,kdekeyser2x@indiatimes.com,712-453-8001,31 Sunbrook Junction,2024-09-19T02:19:29Z,Between100kTo200k,Secondary,4
parentid_107,fbanting2y,Abdulrahman,Hassan,dbirkmyre2y@cornell.edu,404-728-4390,4 Dahle Pass,2022-01-09T14:14:33Z,Between100kTo200k,Master,9
parentid_108,pstapleton2z,Zainab,Odunsi,tkinane2z@oaic.gov.au,997-206-5773,8 International Junction,2019-01-03T09:52:11Z,Between50kTo100k,Primary,2
parentid_109,apeacher30,Joshua,Ibrahim,hcreavin30@nba.com,996-217-5989,5 Forster Pass,2022-02-14T13:28:18Z,Between2mTo5m,Bachelor,4
parentid_110,nriggeard31,Michael,Hassan,agoodluck31@hao123.com,886-416-1114,47900 Stephen Hill,2022-11-13T12:58:58Z,Between1mTo2m,Master,7
parentid_111,clittledyke32,Zola,Amina,chaville32@angelfire.com,351-267-0250,6 5th Place,2020-12-07T20:39:13Z,Between1mTo2m,Primary,10
parentid_112,nelijahu33,Thabo,Ekwenugo,arandall33@virginia.edu,352-464-7403,6238 Dennis Point,2018-10-13T14:53:08Z,Below50k,Doctoral,8
parentid_113,dfalla34,Omar,Kofi,akeuning34@alibaba.com,570-184-5710,7 Dayton Street,2021-05-14T12:10:34Z,Between100kTo200k,Master,9
parentid_114,bselliman35,Ayodele,Tshabalala,mriby35@ameblo.jp,198-599-0141,228 Maryland Junction,2018-11-05T02:48:57Z,Above5m,Master,2
parentid_115,xyeldham36,Aminata,Wade,elorant36@skyrock.com,889-260-8630,8 Hermina Court,2019-07-17T00:30:13Z,Below50k,Diploma,8
parentid_116,dkneeland37,Yusuf,Pityana,mpresshaugh37@wired.com,915-989-3337,22033 Oakridge Court,2019-04-28T09:13:02Z,Between200kTo500k,Master,10
parentid_117,mledger38,Femi,Mamba,chembry38@posterous.com,766-831-3010,0742 Maywood Hill,2022-11-01T19:18:51Z,Above5m,Master,4
parentid_118,bharrow39,Kwame,Gbadamosi,hpaulsson39@ovh.net,875-287-5612,0280 Sunfield Road,2023-03-27T01:21:15Z,Between500kTo1m,Master,5
parentid_119,dgayton3a,Babajide,Ncube,sriggert3a@google.com.hk,454-763-1713,313 Farragut Circle,2019-04-09T20:35:05Z,Between1mTo2m,Master,1
parentid_120,gcomrie3b,Sekou,Hlongwane,glondesborough3b@zdnet.com,584-599-7748,89 Roxbury Park,2023-04-21T07:28:40Z,Above5m,Diploma,4
parentid_121,pzuker3c,Olufemi,Amina,khosten3c@sfgate.com,674-960-6322,1595 Coolidge Plaza,2020-09-19T12:37:09Z,Above5m,Master,7
parentid_122,jtremblet3d,Deborah,Chukwu,gprivost3d@indiatimes.com,214-507-2877,673 Maywood Alley,2023-06-20T04:00:14Z,Between200kTo500k,Master,8
parentid_123,ndairton3e,Ayodele,Radebe,mwoolerton3e@shop-pro.jp,347-879-6496,3446 Eastwood Center,2021-05-31T15:57:27Z,Between50kTo100k,Master,6
parentid_124,tcunnane3f,Mandla,Radebe,tsnugg3f@51.la,736-288-3389,613 Artisan Junction,2022-05-03T05:36:31Z,Between1mTo2m,Master,2
parentid_125,epenley3g,Gabriel,Mthembu,mmcnirlin3g@youtu.be,398-303-2261,4 Pankratz Alley,2022-01-07T16:13:42Z,Above5m,Primary,1
parentid_126,hchaters3h,Nafisa,Ibrahim,kovid3h@patch.com,438-330-5965,9582 Kipling Circle,2021-02-21T16:00:28Z,Between100kTo200k,Diploma,8
parentid_127,bburcher3i,Mandla,Raji,kfeldhorn3i@cnet.com,576-300-0263,49669 Mockingbird Trail,2019-08-16T03:35:32Z,Between100kTo200k,Master,1
parentid_128,msmylie3j,Chioma,Dlamini,csanger3j@i2i.jp,234-859-0670,285 Golf Course Court,2020-07-18T09:09:03Z,Between1mTo2m,Master,1
parentid_129,zrossant3k,Thabo,Mamba,aaves3k@blinklist.com,358-883-2150,0885 Susan Court,2020-01-03T07:02:18Z,Between2mTo5m,Bachelor,7
parentid_130,dmoss3l,Ngozi,Odunsi,bverbeek3l@washingtonpost.com,361-732-8759,9 Continental Lane,2020-02-18T17:06:02Z,Between50kTo100k,Master,8
parentid_131,tcornewall3m,Emmanuel,Kallon,csneyd3m@intel.com,438-423-2347,78681 Farragut Street,2018-11-01T01:24:40Z,Between50kTo100k,Master,5
parentid_132,rlawrinson3n,Zainab,Babalola,mhuggens3n@vimeo.com,436-586-6160,678 Algoma Junction,2022-04-02T11:09:50Z,Between2mTo5m,Master,1
parentid_133,ggabbotts3o,Hannah,Tshabalala,vniles3o@blogspot.com,252-765-6154,35 Dakota Hill,2020-10-25T06:10:38Z,Between500kTo1m,Doctoral,3
parentid_134,wemmanuele3p,Abigail,Xaba,tmussettini3p@domainmarket.com,319-789-1686,89653 Paget Alley,2023-09-08T12:44:56Z,Between50kTo100k,Master,7
parentid_135,awiltshier3q,Nneka,Yakubu,moneil3q@technorati.com,123-844-0249,61830 Scoville Junction,2022-01-19T23:27:34Z,Between200kTo500k,Master,7
parentid_136,chaskett3r,Amina,Vundla,gpickston3r@vkontakte.ru,789-386-4690,06810 Pierstorff Alley,2019-08-30T11:10:28Z,Between2mTo5m,Master,1
parentid_137,cgarroway3s,Deborah,Adedeji,hthorius3s@si.edu,836-781-0140,2 Granby Point,2023-02-18T17:16:46Z,Between100kTo200k,Bachelor,9
parentid_138,sthornbarrow3t,Amina,Juma,mcrees3t@oracle.com,225-324-6580,08 Marquette Point,2020-11-22T00:06:51Z,Below50k,Primary,6
parentid_139,nwiddows3u,Babajide,Lamine,bcharley3u@acquirethisname.com,977-931-8624,6 Express Junction,2022-01-02T16:53:37Z,Between500kTo1m,Doctoral,1
parentid_140,mblaksley3v,Omari,Hassan,imathet3v@businessinsider.com,524-543-7427,201 Independence Avenue,2020-10-01T15:14:05Z,Between500kTo1m,Master,7
parentid_141,sbole3w,Nafisa,Pityana,kizzat3w@nytimes.com,937-551-5865,3959 Saint Paul Street,2019-08-14T05:13:47Z,Between2mTo5m,Master,7
parentid_142,dcatterill3x,Farai,Abiodun,chammon3x@mac.com,200-886-2134,49644 Vahlen Parkway,2020-01-06T11:16:02Z,Between50kTo100k,Master,5
parentid_143,ivassay3y,Joseph,Wade,tshark3y@zimbio.com,629-323-8806,436 Jana Drive,2023-04-24T11:53:16Z,Between2mTo5m,Master,1
parentid_144,bworms3z,Amina,Adedeji,chairsine3z@bloomberg.com,250-139-3546,67 Lien Junction,2023-01-25T20:56:21Z,Between50kTo100k,Other,4
parentid_145,cbeisley40,Mohammed,Iwu,gfarnill40@google.ca,568-648-8854,6 Dottie Plaza,2019-03-08T14:56:59Z,Between2mTo5m,Bachelor,1
parentid_146,drossander41,Mohammed,Jallow,ophizackarley41@apache.org,180-525-8557,274 Garrison Way,2024-01-24T03:56:17Z,Above5m,Other,4
parentid_147,vknewstubb42,Wale,Gbadamosi,kpitcaithly42@cnet.com,382-668-1768,332 New Castle Street,2021-01-08T23:42:05Z,Between200kTo500k,Master,1
parentid_148,ehackley43,Imani,Yakubu,bsevior43@kickstarter.com,967-784-5061,572 Pine View Alley,2022-12-10T08:42:38Z,Above5m,Master,1
parentid_149,jmeacher44,Malik,Odetoyinbo,mworden44@cornell.edu,743-710-7133,1 John Wall Street,2023-02-28T10:21:56Z,Between2mTo5m,Master,1
parentid_150,skleynen45,Efua,Quaye,zbritto45@biglobe.ne.jp,757-621-2501,36 Armistice Place,2024-01-27T16:15:07Z,Between200kTo500k,Bachelor,6
parentid_151,divey46,Nneka,Gbadamosi,cjanota46@de.vu,621-974-1115,83189 Anhalt Trail,2024-08-11T13:21:50Z,Between100kTo200k,Master,6
parentid_152,ryouson47,Rebecca,Dlamini,zmckeurton47@dmoz.org,794-190-8125,8311 Clove Point,2019-02-10T09:07:58Z,Below50k,Master,8
parentid_153,qeivers48,Deborah,Sisulu,mnardi48@shareasale.com,739-581-5221,8420 Erie Center,2023-01-17T18:57:43Z,Above5m,Bachelor,4
parentid_154,eallanson49,Olamide,Jallow,jinglefield49@amazon.co.uk,232-581-0631,0083 Caliangt Drive,2019-10-15T09:50:32Z,Between1mTo2m,Master,7
parentid_155,kbaszniak4a,Oladipo,Hassan,csebring4a@sogou.com,831-963-5180,2155 Hazelcrest Hill,2023-01-12T18:30:17Z,Between1mTo2m,Master,9
parentid_156,dhodgin4b,Omar,Ibrahim,fchildes4b@businessweek.com,993-969-0920,84090 Chive Park,2020-07-25T08:39:07Z,Between200kTo500k,Secondary,3
parentid_157,jclerc4c,Chinedu,Patel,lwalbrun4c@geocities.com,351-659-5235,4466 Carberry Junction,2021-05-09T23:47:32Z,Between100kTo200k,Master,6
parentid_158,nmitton4d,Aisha,Jallow,jfright4d@admin.ch,763-284-8833,94 Waubesa Parkway,2024-03-07T22:58:18Z,Between100kTo200k,Other,6
parentid_159,abromwich4e,Halima,Fofana,bfawssett4e@nih.gov,405-472-4902,0 Rigney Circle,2021-01-07T03:15:35Z,Between1mTo2m,Master,5
parentid_160,hmosedill4f,Omari,Wade,rridley4f@ucoz.ru,153-436-6117,68457 Milwaukee Terrace,2018-10-18T08:17:35Z,Between200kTo500k,Master,6
parentid_161,vschruyer4g,Adebola,Ngwenya,omolyneaux4g@ustream.tv,103-531-0970,3 Commercial Point,2018-10-24T12:36:58Z,Above5m,Master,5
parentid_162,emccartney4h,Nia,Dlamini,awhellans4h@geocities.com,915-766-9712,98 Transport Point,2021-04-27T22:22:22Z,Between2mTo5m,Master,10
parentid_163,ejanusik4i,Hannah,Tshabalala,aiannelli4i@upenn.edu,226-933-8196,651 Westerfield Place,2024-05-20T10:06:51Z,Below50k,Master,2
parentid_164,tmaystone4j,Malik,Amina,eprandini4j@stumbleupon.com,123-826-5491,91888 Ruskin Trail,2024-08-29T16:36:19Z,Between50kTo100k,Bachelor,3
parentid_165,aoatley4k,Penda,Gwala,amotion4k@theguardian.com,364-176-6235,0841 Sycamore Junction,2024-02-29T08:38:03Z,Below50k,Master,8
parentid_166,bcowlin4l,Sekou,Lamine,kcordeix4l@independent.co.uk,756-622-6301,72628 Anderson Pass,2024-04-02T23:25:40Z,Between1mTo2m,Master,9
parentid_167,irunsey4m,Samuel,Okafor,sketts4m@angelfire.com,882-813-5611,649 Oriole Court,2023-10-10T21:03:35Z,Above5m,Bachelor,1
parentid_168,dhurnell4n,Adebola,Langa,ctrethowan4n@foxnews.com,186-996-9205,45153 Lukken Court,2024-06-14T19:59:33Z,Between50kTo100k,Master,5
parentid_169,rbenaine4o,Fatima,Adedeji,isaffran4o@seattletimes.com,194-591-0525,72018 Loomis Junction,2023-09-08T16:07:01Z,Between1mTo2m,Master,1
parentid_170,ngrimestone4p,Aisha,Quaye,lmcneillie4p@army.mil,367-514-0209,460 Anderson Way,2022-08-19T01:07:35Z,Between50kTo100k,Doctoral,5
parentid_171,nrenforth4q,Yusuf,Afolabi,ngladwell4q@pagesperso-orange.fr,869-778-4654,97 Glacier Hill Park,2024-01-20T05:10:59Z,Between500kTo1m,Master,7
parentid_172,lesson4r,Rebecca,Jallow,ecrocroft4r@vimeo.com,410-213-2247,402 Straubel Avenue,2024-05-25T13:21:17Z,Between100kTo200k,Master,10
parentid_173,ggreathead4s,Penda,Odunsi,arallings4s@e-recht24.de,314-999-9589,854 Jackson Center,2024-03-24T08:36:34Z,Between1mTo2m,Master,3
parentid_174,fkemish4t,Kwame,Okafor,rgreader4t@artisteer.com,123-634-2789,74 6th Pass,2019-12-11T09:54:16Z,Below50k,Master,6
parentid_175,dtrice4u,Sarah,Ibrahim,ikillelay4u@dell.com,482-463-1642,1158 Colorado Plaza,2024-05-18T16:42:04Z,Between200kTo500k,Primary,7
parentid_176,cfawson4v,Zainab,Tshabalala,celletson4v@live.com,627-713-2566,9864 Farragut Hill,2023-11-23T00:17:51Z,Between500kTo1m,Master,4
parentid_177,cpulteneye4w,Omari,Vundla,dpennycord4w@bbb.org,294-151-6507,3 Nevada Hill,2022-02-19T15:52:40Z,Between2mTo5m,Secondary,5
parentid_178,mjeschner4x,Aminata,Nafisa,dmayze4x@google.pl,458-645-0558,83365 Burrows Hill,2019-09-17T13:52:15Z,Between1mTo2m,Other,1
parentid_179,dmose4y,Oladipo,Kallon,gbyne4y@hhs.gov,500-338-5277,691 6th Lane,2019-05-05T23:38:19Z,Between100kTo200k,Primary,5
parentid_180,ashaves4z,Zuri,Ibrahim,manfosso4z@odnoklassniki.ru,183-475-0371,615 Surrey Court,2019-03-02T15:54:44Z,Between500kTo1m,Bachelor,3
parentid_181,gaiers50,Ngozi,Hassan,lavey50@youtu.be,531-657-8938,15 Judy Drive,2019-08-16T09:06:24Z,Between500kTo1m,Bachelor,4
parentid_182,sdesouza51,Dayo,Chukwu,niacoviello51@theguardian.com,827-924-7771,3000 Bobwhite Terrace,2021-05-19T21:30:06Z,Between100kTo200k,Bachelor,6
parentid_183,rdominici52,Nia,Diallo,gharness52@ed.gov,654-336-2628,191 Kinsman Center,2021-04-11T11:09:35Z,Above5m,Master,4
parentid_184,emoehler53,Ayo,Abdullai,foxenden53@umn.edu,418-359-3850,5011 Barby Hill,2021-02-20T21:17:54Z,Between2mTo5m,Master,8
parentid_185,droscher54,Abigail,Odetoyinbo,dhiggoe54@google.co.uk,545-783-0502,936 8th Court,2018-12-08T00:50:31Z,Between50kTo100k,Master,4
parentid_186,csuttill55,Ayodele,Jallow,jmila55@guardian.co.uk,415-422-1490,6222 Schlimgen Drive,2022-05-18T01:58:10Z,Between500kTo1m,Master,8
parentid_187,eskain56,Abdulrahman,Abiodun,llinney56@fc2.com,409-950-7162,57256 Oneill Plaza,2020-03-14T11:15:45Z,Between1mTo2m,Doctoral,1
parentid_188,clarvin57,Sekou,Sankoh,tmangan57@pcworld.com,959-690-4693,96 Maywood Street,2023-12-26T00:11:32Z,Between100kTo200k,Bachelor,10
parentid_189,tdavydychev58,Yusuf,Afolabi,cputtnam58@mashable.com,424-534-5332,5707 Claremont Place,2018-11-14T21:48:24Z,Between500kTo1m,Bachelor,1
parentid_190,agrigori59,Aminata,Hlongwane,cgong59@posterous.com,483-406-5748,84543 Lakewood Terrace,2019-03-10T16:40:40Z,Below50k,Master,8
parentid_191,tflanders5a,Omar,Iwu,kkmietsch5a@springer.com,690-887-7477,1473 Mariners Cove Road,2022-01-26T01:11:21Z,Between200kTo500k,Master,7
parentid_192,nwhye5b,Dalia,Fatunde,aisland5b@imdb.com,453-532-2157,3451 Charing Cross Alley,2020-06-30T18:27:59Z,Between100kTo200k,Master,10
parentid_193,jpavolini5c,Safiya,Langa,sboddie5c@foxnews.com,324-823-1151,1039 Sugar Junction,2022-02-21T21:49:59Z,Above5m,Bachelor,3
parentid_194,bhuggens5d,Farai,Abdullai,btiddy5d@springer.com,618-786-7777,62 Iowa Center,2024-05-03T20:12:04Z,Between100kTo200k,Bachelor,10
parentid_195,skimblen5e,Sade,Quagraine,mlarret5e@i2i.jp,992-706-6379,77 Rieder Park,2020-08-22T20:42:34Z,Between2mTo5m,Master,2
parentid_196,mdickman5f,Penda,Udeh,wbolitho5f@zimbio.com,412-290-4699,774 Carioca Park,2018-10-29T02:16:46Z,Above5m,Master,5
parentid_197,ostancliffe5g,Samuel,Okafor,jdottridge5g@wired.com,484-507-6401,34 Crowley Center,2022-02-02T15:22:34Z,Above5m,Doctoral,3
parentid_198,sguilliatt5h,Thomas,Patel,hrailton5h@reuters.com,542-291-4194,0623 Loftsgordon Way,2022-06-03T13:47:17Z,Between200kTo500k,Master,7
parentid_199,nharling5i,Abdulrahman,Vundla,lastill5i@rediff.com,426-723-2620,6 Doe Crossing Court,2021-02-19T18:03:42Z,Between500kTo1m,Master,1
parentid_200,chuggon5j,Eshe,Raji,kdelacroux5j@theglobeandmail.com,129-865-2111,64482 Browning Court,2021-03-30T23:05:12Z,Between2mTo5m,Master,5
parentid_201,zchappell5k,Hannah,Tandoh,xtink5k@dedecms.com,920-942-2348,8 Atwood Plaza,2022-07-15T12:10:57Z,Between100kTo200k,Primary,10
parentid_202,tgorce5l,Ife,Quaye,tslight5l@dailymail.co.uk,648-252-8534,61755 Fulton Plaza,2019-07-12T00:51:30Z,Above5m,Other,9
parentid_203,krickhuss5m,Michael,Radebe,slathan5m@google.ca,437-279-4529,85176 Dennis Circle,2021-10-17T13:14:08Z,Below50k,Master,6
parentid_204,bhenworth5n,Aminata,Ncube,anemchinov5n@xing.com,187-952-1550,2958 Portage Pass,2020-03-19T00:25:43Z,Between2mTo5m,Master,10
parentid_205,tscutcheon5o,Rashida,Mthembu,lkeiling5o@cdc.gov,228-380-1209,78876 Sachs Point,2022-06-02T15:20:26Z,Below50k,Master,3
parentid_206,syele5p,Halima,Ibrahim,hhearl5p@marketwatch.com,839-204-7266,163 Pine View Street,2021-11-07T07:38:22Z,Below50k,Master,7
parentid_207,ominocchi5q,Daniel,Patel,bnewlove5q@hatena.ne.jp,858-577-4165,56 South Terrace,2023-07-09T23:37:23Z,Between500kTo1m,Master,8
parentid_208,pthurborn5r,Olamide,Hassan,gwivell5r@printfriendly.com,847-294-3373,04 Haas Place,2024-08-06T00:17:30Z,Between2mTo5m,Bachelor,3
parentid_209,pbreckwell5s,Akua,Wade,alear5s@github.io,892-484-8579,0 West Crossing,2024-05-09T20:39:21Z,Between500kTo1m,Vocational,5
parentid_210,lwhittock5t,Habiba,Mamba,dkeepe5t@eepurl.com,216-826-6682,126 Melby Crossing,2023-08-12T16:54:16Z,Between50kTo100k,Other,1
parentid_211,icabena5u,Nafisa,Nafisa,ieede5u@mozilla.com,333-821-5543,07 Gale Junction,2022-10-27T19:26:08Z,Between50kTo100k,Master,1
parentid_212,dthiese5v,Femi,Fofana,jbondesen5v@icq.com,104-875-4367,771 Daystar Center,2021-09-28T01:59:44Z,Between200kTo500k,Bachelor,9
parentid_213,mtinklin5w,Chioma,Jallow,kspiaggia5w@blogger.com,903-256-1358,6 Farmco Parkway,2022-03-11T01:08:27Z,Above5m,Bachelor,3
parentid_214,dborth5x,Chinedu,Pityana,lgrahl5x@angelfire.com,686-296-0152,56 Straubel Way,2021-07-19T20:23:46Z,Below50k,Master,8
parentid_215,bpoyner5y,Ali,Ngwenya,cdyte5y@chronoengine.com,360-898-8233,751 Crowley Pass,2021-09-21T04:13:11Z,Between2mTo5m,Bachelor,8
parentid_216,ahegges5z,Ahmed,Sankoh,dyarnall5z@cloudflare.com,330-732-5542,13304 Mallory Crossing,2020-02-04T15:03:23Z,Below50k,Master,10
parentid_217,jnorthin60,Abena,Odunsi,ppoyle60@newyorker.com,874-884-7845,4697 Reindahl Trail,2019-11-15T06:30:51Z,Above5m,Master,7
parentid_218,plavrick61,Khamisi,Vundla,jdanielian61@goo.gl,268-647-6479,29493 Declaration Alley,2021-09-02T21:28:16Z,Between2mTo5m,Master,3
parentid_219,mangell62,Akua,Malik,mstockdale62@sakura.ne.jp,202-880-7310,73271 Straubel Parkway,2020-10-08T08:52:24Z,Between100kTo200k,Master,4
parentid_220,mtunkin63,Farai,Tandoh,afreddi63@springer.com,435-286-4124,34846 Bashford Park,2024-05-25T02:12:52Z,Between100kTo200k,Bachelor,6
parentid_221,ejoutapaitis64,Samuel,Hassan,ldevers64@vistaprint.com,646-393-6591,28 Sutteridge Trail,2020-05-09T05:44:49Z,Above5m,Master,5
parentid_222,bdacosta65,Esther,Adedeji,lpownall65@newyorker.com,422-981-7585,687 Namekagon Circle,2021-04-03T11:56:55Z,Between2mTo5m,Master,3
parentid_223,jscannell66,Kofi,Iwu,tgarvey66@state.tx.us,575-319-5315,6 5th Avenue,2023-10-11T17:56:00Z,Below50k,Master,6
parentid_224,kelloway67,Malik,Fatunde,kbleythin67@sphinn.com,583-736-4831,0 Warner Parkway,2019-03-02T01:38:21Z,Between2mTo5m,Master,2
parentid_225,mjovicic68,Zuberi,Quaye,mtolle68@sun.com,908-560-8878,67 Southridge Road,2022-01-26T14:18:20Z,Between50kTo100k,Bachelor,8
parentid_226,nwitherden69,Joseph,Vundla,edows69@comcast.net,849-803-5635,425 Mcbride Hill,2024-04-28T17:27:25Z,Below50k,Diploma,3
parentid_227,msteanyng6a,Amina,Ncube,jspringthorpe6a@slate.com,606-692-6456,37807 Ridgeway Street,2020-04-03T22:46:19Z,Above5m,Master,1
parentid_228,bvoice6b,Rashida,Yakubu,mgonthard6b@histats.com,916-557-3992,86 Fisk Terrace,2018-11-20T22:14:27Z,Above5m,Master,3
parentid_229,torans6c,Femi,Nafisa,zsprouls6c@epa.gov,830-263-5644,771 Forest Dale Avenue,2023-08-10T21:35:00Z,Between50kTo100k,Master,1
parentid_230,ddeleon6d,Jabari,Zulu,dcapper6d@addtoany.com,462-470-3618,0 Northwestern Park,2019-07-07T00:00:03Z,Between100kTo200k,Master,6
parentid_231,agagin6e,Baraka,Udeh,jmumberson6e@dedecms.com,317-117-8792,8 Northview Center,2024-05-28T09:45:41Z,Between200kTo500k,Master,1
parentid_232,cdumbare6f,Zuri,Chukwu,lwarton6f@sbwire.com,429-961-0568,48 Namekagon Plaza,2023-06-13T13:51:29Z,Between1mTo2m,Master,3
parentid_233,dpoge6g,Efua,Quagraine,nfoskew6g@accuweather.com,259-621-5546,8898 Armistice Center,2021-10-08T04:06:44Z,Between200kTo500k,Master,8
parentid_234,bskiggs6h,Efua,Balewa,lhudspith6h@uol.com.br,635-621-4898,87 Redwing Avenue,2019-09-26T11:26:44Z,Between50kTo100k,Master,5
parentid_235,dhammond6i,Rebecca,Abiodun,eoheyne6i@aboutads.info,909-395-0752,02 Redwing Terrace,2019-12-14T20:48:29Z,Between100kTo200k,Vocational,7
parentid_236,edelafont6j,Khadija,Sankoh,fivens6j@wordpress.org,756-992-7153,46 Onsgard Point,2024-08-22T00:15:56Z,Below50k,Doctoral,10
parentid_237,dmorse6k,Ahmed,Patel,ibrakespear6k@amazon.com,409-703-4719,98 Marquette Avenue,2022-11-02T22:02:30Z,Between2mTo5m,Bachelor,5
parentid_238,igrealish6l,Amara,Mthembu,jmoynihan6l@liveinternet.ru,868-995-0271,66735 Colorado Pass,2023-08-18T03:07:48Z,Between2mTo5m,Master,6
parentid_239,cbadman6m,Tunde,Odunsi,jganders6m@imdb.com,613-271-8625,9 8th Trail,2018-11-15T04:14:52Z,Between2mTo5m,Master,1
parentid_240,mkrimmer6n,Laila,Ekwenugo,bvelareal6n@facebook.com,413-357-9460,408 Sauthoff Point,2021-04-25T16:34:10Z,Above5m,Secondary,3
parentid_241,bwickenden6o,Khadija,Raji,falcido6o@latimes.com,214-739-9279,0405 Moose Point,2024-08-23T22:44:55Z,Between50kTo100k,Bachelor,8
parentid_242,tlamasna6p,Malik,Odunsi,sbrawn6p@bigcartel.com,491-351-7061,746 Spohn Junction,2021-10-15T09:33:37Z,Between200kTo500k,Master,3
parentid_243,gcomley6q,Ayo,Odunsi,lkeyworth6q@uiuc.edu,802-774-2334,380 Prairieview Center,2022-11-24T04:51:19Z,Above5m,Master,3
parentid_244,sraynham6r,Thomas,Ibrahim,ehughesdon6r@uol.com.br,841-235-0213,9718 Corben Crossing,2022-12-08T15:36:14Z,Between1mTo2m,Master,4
parentid_245,msabate6s,Deborah,Gwala,jvynehall6s@sohu.com,989-542-8468,8 Westend Place,2021-06-02T09:41:06Z,Between50kTo100k,Master,2
parentid_246,ffortye6t,Wale,Sisulu,wbrittles6t@shop-pro.jp,173-269-6371,1 Southridge Terrace,2023-06-07T12:49:23Z,Between2mTo5m,Doctoral,1
parentid_247,mdincke6u,Eshe,Raji,ystockton6u@businessweek.com,844-103-6738,03595 Eliot Court,2021-10-22T13:51:01Z,Below50k,Master,10
parentid_248,rshadwick6v,Esther,Radebe,gdunton6v@sciencedirect.com,935-356-1077,01 Nova Point,2020-06-02T12:48:48Z,Between100kTo200k,Master,5
parentid_249,cchidley6w,Zuberi,Sisulu,nnavaro6w@businessweek.com,441-265-0290,520 Browning Drive,2020-03-19T10:08:16Z,Below50k,Master,10
parentid_250,ntortoise6x,Rashida,Lamine,nmcgow6x@uol.com.br,889-417-2354,7 Roth Park,2024-09-11T23:16:25Z,Between2mTo5m,Master,4
parentid_251,wreadmire6y,Adebola,Mthembu,kambroix6y@ameblo.jp,681-378-8864,060 Fulton Road,2020-09-22T09:43:12Z,Between500kTo1m,Master,3
parentid_252,rghidoni6z,Ayo,Chukwu,rgumn6z@auda.org.au,529-125-5046,02502 Service Avenue,2024-04-03T05:18:05Z,Between1mTo2m,Master,4
parentid_253,drosenbloom70,Eshe,Gwala,fkingshott70@weather.com,726-122-6818,9545 Paget Pass,2021-04-04T04:51:08Z,Between50kTo100k,Bachelor,9
parentid_254,tmerioth71,Ayodele,Fatunde,lgorelli71@paginegialle.it,702-916-3179,88 Farragut Drive,2019-12-10T10:00:59Z,Below50k,Master,9
parentid_255,hsimonson72,Sarah,Fatunde,gnewarte72@mlb.com,225-797-6128,1 Thackeray Plaza,2022-03-19T16:34:54Z,Between200kTo500k,Bachelor,1
parentid_256,ncowin73,Samuel,Radebe,aelias73@jalbum.net,257-923-7650,8213 Anzinger Circle,2023-06-09T20:19:06Z,Between2mTo5m,Master,10
parentid_257,freese74,Malik,Abiodun,mweatherby74@theglobeandmail.com,219-261-1123,73 Dapin Park,2020-03-24T09:57:30Z,Between200kTo500k,Master,10
parentid_258,gfoynes75,Yusuf,Radebe,wkellitt75@dyndns.org,912-110-8531,8117 Moose Street,2019-12-11T18:13:22Z,Between50kTo100k,Master,10
parentid_259,dglaze76,Omari,Tshabalala,bbelt76@purevolume.com,702-568-8324,016 Waxwing Avenue,2020-01-18T15:24:29Z,Below50k,Master,5
parentid_260,bboyfield77,Christopher,Gwala,gflewin77@msn.com,976-389-7969,61917 8th Avenue,2019-05-28T11:25:15Z,Between100kTo200k,Master,4
parentid_261,succeli78,Hannah,Abdullai,amuffin78@nhs.uk,135-561-2402,4779 Colorado Street,2023-10-29T16:38:25Z,Between1mTo2m,Other,9
parentid_262,gbubeer79,Thomas,Abiodun,bstarie79@ucoz.ru,194-425-4933,5 Sundown Parkway,2021-07-03T19:38:39Z,Between100kTo200k,Bachelor,2
parentid_263,bjepensen7a,Nandi,Quaye,ldykas7a@istockphoto.com,498-174-5061,2734 Florence Park,2019-03-16T22:48:46Z,Above5m,Bachelor,7
parentid_264,fchesher7b,Joshua,Quaye,bbetser7b@live.com,630-582-1712,497 Aberg Junction,2021-04-01T15:06:28Z,Between500kTo1m,Master,2
parentid_265,rhaselgrove7c,Hannah,Babalola,thenrion7c@chronoengine.com,183-460-5874,5627 Blaine Place,2021-05-26T18:46:10Z,Between1mTo2m,Master,9
parentid_266,llabastida7d,Khamisi,Quaye,emacadam7d@comcast.net,278-802-4133,5 Clove Court,2024-05-02T18:02:47Z,Between100kTo200k,Secondary,4
parentid_267,rpady7e,Jabari,Fatunde,acastanares7e@timesonline.co.uk,301-127-3173,2290 Scoville Trail,2021-08-31T17:45:23Z,Between500kTo1m,Master,9
parentid_268,ecrowcher7f,Penda,Radebe,rdanilyak7f@state.gov,241-307-8203,1293 Riverside Court,2020-07-17T03:09:48Z,Between2mTo5m,Master,8
parentid_269,dferrieroi7g,Chioma,Kofi,tlehrmann7g@google.co.uk,947-525-5317,4214 Buell Avenue,2024-04-09T08:28:42Z,Between1mTo2m,Master,5
parentid_270,amcness7h,Ayodele,Gwala,zkarlsen7h@newyorker.com,563-378-4075,066 Hansons Plaza,2023-04-28T04:47:30Z,Between1mTo2m,Master,8
parentid_271,tkubin7i,Ife,Kallon,kantwis7i@4shared.com,828-887-0116,7720 Becker Terrace,2022-10-18T13:12:28Z,Between2mTo5m,Master,2
parentid_272,wbrannon7j,Khamisi,Adedeji,csnellman7j@homestead.com,314-700-8240,81969 Loeprich Trail,2023-09-26T11:58:22Z,Between100kTo200k,Master,10
parentid_273,acicero7k,Babajide,Ngwenya,awhitley7k@ning.com,291-669-2083,765 Holy Cross Way,2024-06-16T07:11:47Z,Between100kTo200k,Master,4
parentid_274,sofallon7l,Jabari,Sisulu,sbortolotti7l@theguardian.com,508-119-8090,53 Drewry Center,2021-12-24T15:32:29Z,Between500kTo1m,Doctoral,1
parentid_275,mkennion7m,William,Gwala,hbumford7m@yolasite.com,600-612-7390,1730 Jenifer Circle,2022-08-30T02:23:43Z,Between1mTo2m,Master,9
parentid_276,hnibloe7n,Safiya,Lamine,pbrake7n@xinhuanet.com,862-557-1305,6060 Kim Road,2023-01-11T01:30:32Z,Above5m,Master,6
parentid_277,jpendrich7o,Omar,Nafisa,wmapowder7o@census.gov,117-602-1344,779 Continental Hill,2019-02-24T20:22:41Z,Between1mTo2m,Master,7
parentid_278,slanston7p,Sarah,Quaye,jmcphee7p@ibm.com,634-401-1473,55123 American Ash Crossing,2019-08-02T12:19:55Z,Below50k,Master,2
parentid_279,obakesef7q,Chinedu,Quagraine,gondrusek7q@indiatimes.com,827-950-7795,23 Westport Center,2020-01-09T18:56:08Z,Between500kTo1m,Master,10
parentid_280,dletty7r,Jamila,Malik,epaolillo7r@oakley.com,362-675-7955,14 Calypso Way,2020-09-20T15:55:01Z,Between500kTo1m,Master,4
parentid_281,gfeatonby7s,Amina,Tshabalala,novenell7s@furl.net,936-759-8085,76 Warbler Trail,2022-02-15T07:35:50Z,Between100kTo200k,Master,4
parentid_282,spendreigh7t,Ayo,Hassan,kduck7t@ibm.com,420-572-8746,4927 Menomonie Alley,2019-04-04T12:23:52Z,Between2mTo5m,Bachelor,10
parentid_283,aswait7u,Chinedu,Yakubu,jhannaby7u@economist.com,828-368-0119,7 Roth Terrace,2019-01-16T11:02:57Z,Between50kTo100k,Other,7
parentid_284,rloughren7v,Zainab,Abdullai,bcanet7v@nsw.gov.au,820-759-9521,6446 Clove Parkway,2023-06-04T21:08:31Z,Between200kTo500k,Master,4
parentid_285,tbransby7w,Penda,Gwala,tstealey7w@joomla.org,989-774-5483,66120 Southridge Street,2019-12-09T17:55:54Z,Between100kTo200k,Primary,3
parentid_286,mlubomirski7x,Akua,Vundla,lsedgeworth7x@bigcartel.com,970-186-6380,791 Lukken Alley,2019-07-03T14:52:59Z,Between2mTo5m,Bachelor,6
parentid_287,krameau7y,Thomas,Mthembu,ctownes7y@com.com,229-119-0052,694 Sage Street,2024-08-06T10:04:59Z,Between50kTo100k,Diploma,2
parentid_288,lmuller7z,Sarah,Yakubu,ryellowlea7z@si.edu,584-396-9280,3 Lake View Plaza,2022-03-18T18:11:34Z,Between200kTo500k,Master,4
parentid_289,dpentecust80,Daniel,Radebe,fmartignon80@xrea.com,151-881-3514,22300 Morningstar Plaza,2021-03-14T05:54:15Z,Between100kTo200k,Bachelor,6
parentid_290,tfinci81,Aminata,Hlongwane,ddonohoe81@github.com,869-682-3879,16 Golf Course Alley,2023-10-19T21:04:34Z,Below50k,Master,8
parentid_291,rseelbach82,Halima,Ncube,arothwell82@reuters.com,527-202-3821,67003 Sheridan Street,2021-09-22T22:37:23Z,Between1mTo2m,Master,3
parentid_292,lweafer83,Tunde,Radebe,asimes83@tinyurl.com,247-256-8622,0 Utah Pass,2024-05-29T18:55:03Z,Between100kTo200k,Master,6
parentid_293,cyousef84,Hassan.,Afolabi,cponnsett84@census.gov,977-982-0346,61643 Norway Maple Drive,2023-11-03T13:51:48Z,Between2mTo5m,Master,1
parentid_294,jhugh85,Rashida,Fofana,hthynne85@bloglovin.com,617-165-1436,85792 Quincy Point,2019-02-17T03:21:57Z,Below50k,Bachelor,5
parentid_295,dstyant86,Safiya,Abdullai,clyddy86@twitpic.com,701-898-1747,55 Hauk Terrace,2018-12-01T17:37:14Z,Above5m,Master,6
parentid_296,pkemsley87,Mohammed,Malik,swhyte87@thetimes.co.uk,391-752-2118,9 Garrison Center,2022-12-27T08:20:00Z,Between2mTo5m,Master,5
parentid_297,aopenshaw88,William,Hlongwane,wstairmond88@bloglovin.com,817-655-7776,17 Arapahoe Trail,2019-02-12T13:55:49Z,Between1mTo2m,Master,7
parentid_298,ndillinger89,Zola,Quaye,dlangtry89@1und1.de,494-951-8217,67 Ridgeview Junction,2022-10-07T14:27:30Z,Between500kTo1m,Master,4
parentid_299,mbrinsford8a,Christopher,Abdullai,ifaires8a@sphinn.com,770-265-2849,46844 Ohio Terrace,2024-05-03T23:39:37Z,Above5m,Master,9
parentid_300,dzanardii8b,Omari,Kallon,afaulks8b@dedecms.com,802-862-0755,37 Mayfield Road,2024-06-24T07:06:03Z,Between1mTo2m,Master,5
parentid_301,aronald8c,Gabriel,Kallon,bbuesnel8c@comsenz.com,108-619-1733,8 Dryden Road,2024-04-25T04:53:21Z,Below50k,Master,1
parentid_302,obestwerthick8d,Lerato,Hlongwane,rmithon8d@phpbb.com,460-287-4581,2 Atwood Crossing,2021-01-09T05:20:21Z,Between50kTo100k,Other,7
parentid_303,jcovil8e,Akua,Gbadamosi,isalamon8e@stanford.edu,533-813-3517,4 Miller Crossing,2024-03-28T11:10:37Z,Between1mTo2m,Vocational,4
parentid_304,wcleynman8f,Malik,Abdullai,frandell8f@posterous.com,176-566-0411,34 Rowland Hill,2021-03-18T20:14:51Z,Between2mTo5m,Master,5
parentid_305,smcclay8g,Zainab,Tshabalala,cwoodley8g@simplemachines.org,107-343-5338,966 Pine View Junction,2022-11-07T08:31:16Z,Between200kTo500k,Master,10
parentid_306,awallentin8h,Christopher,Quaye,kdowdeswell8h@facebook.com,745-813-5638,22927 Summit Lane,2019-06-28T09:10:33Z,Between50kTo100k,Bachelor,3
parentid_307,cmetterick8i,Ayodele,Tshabalala,hgoodlife8i@harvard.edu,726-334-9425,59408 Morning Court,2022-06-18T02:46:12Z,Between50kTo100k,Bachelor,10
parentid_308,rserjeant8j,Amara,Vundla,hizard8j@wikia.com,334-122-7144,6 Montana Court,2021-06-08T17:19:02Z,Above5m,Primary,3
parentid_309,brycraft8k,Laila,Tandoh,bfrisch8k@plala.or.jp,960-752-9213,125 Northfield Road,2018-12-09T18:29:48Z,Above5m,Primary,9
parentid_310,mnouch8l,Ibrahim,Xaba,fshorland8l@narod.ru,747-350-2783,427 Rutledge Parkway,2024-03-29T01:21:35Z,Above5m,Bachelor,7
parentid_311,fdeancywillis8m,Aisha,Zulu,fclausner8m@slideshare.net,491-157-7556,1 Prairieview Place,2023-11-06T20:03:48Z,Between500kTo1m,Vocational,1
parentid_312,gelesander8n,Amina,Ibrahim,blloydwilliams8n@tripod.com,163-461-4029,4 Mariners Cove Terrace,2022-04-13T01:29:28Z,Below50k,Master,5
parentid_313,cbeeres8o,Amina,Pityana,hgibbie8o@mysql.com,330-255-9737,3 Hooker Hill,2018-12-22T23:41:06Z,Between200kTo500k,Master,9
parentid_314,scurado8p,Chinedu,Mamba,shendriksen8p@t.co,145-824-5978,9 Johnson Avenue,2019-12-08T06:07:13Z,Above5m,Master,3
parentid_315,lpinney8q,Dayo,Iwu,pabberley8q@wunderground.com,253-690-1037,8 Macpherson Parkway,2020-03-29T00:15:24Z,Between200kTo500k,Master,7
parentid_316,gkaasmann8r,Esther,Gwala,emickan8r@tinypic.com,678-601-6481,5 Melby Parkway,2018-12-22T09:33:56Z,Between2mTo5m,Master,4
parentid_317,ccaulder8s,Victoria,Ibrahim,daldins8s@about.me,643-765-5620,5741 Main Center,2024-04-22T13:10:56Z,Between200kTo500k,Master,6
parentid_318,lruxton8t,Femi,Ibrahim,btilmouth8t@google.com.au,181-104-3949,26 Onsgard Court,2019-09-29T02:30:03Z,Between200kTo500k,Master,9
parentid_319,dcaig8u,Zainab,Gbadamosi,chardwich8u@wordpress.com,968-473-4901,45547 Victoria Trail,2021-03-11T16:16:14Z,Between100kTo200k,Master,6
parentid_320,mschops8v,Mosi Emily,Raji,apiecha8v@behance.net,264-205-4931,98 Bunker Hill Parkway,2022-11-03T07:45:10Z,Below50k,Master,2
parentid_321,cdanilyuk8w,Ahmed,Abiodun,phuff8w@tripod.com,212-853-1708,97 Thompson Street,2020-04-14T05:06:59Z,Between50kTo100k,Master,10
parentid_322,rfansy8x,Mosi Emily,Balewa,hbreton8x@europa.eu,222-768-4015,43 Karstens Avenue,2019-04-03T06:37:31Z,Between500kTo1m,Master,9
parentid_323,ldallison8y,Penda,Ibrahim,jannett8y@com.com,959-230-4476,035 Anzinger Way,2022-07-19T02:14:56Z,Between50kTo100k,Master,3
parentid_324,sfreyn8z,Fatima,Abiodun,acready8z@paginegialle.it,334-402-1079,97 Dottie Court,2021-11-07T05:23:48Z,Between50kTo100k,Master,9
parentid_325,ldevonald90,Khadija,Ibrahim,cpinshon90@people.com.cn,325-536-1972,33 Charing Cross Point,2024-07-26T09:17:32Z,Between2mTo5m,Master,6
parentid_326,epringell91,Abdulrahman,Sankoh,diczokvitz91@seattletimes.com,419-168-0973,0030 Coolidge Terrace,2024-09-13T02:24:35Z,Below50k,Master,10
parentid_327,cinnocent92,Ali,Ncube,sfrancescoccio92@nature.com,627-828-4504,299 Oneill Crossing,2024-04-29T16:55:33Z,Between500kTo1m,Master,2
parentid_328,hbrittain93,Efua,Patel,tjacmar93@google.fr,429-664-7096,18635 School Court,2020-05-09T05:30:50Z,Below50k,Bachelor,5
parentid_329,mwittleton94,Olamide,Zulu,cdoggett94@reddit.com,631-325-9888,599 Scoville Terrace,2020-06-30T13:49:11Z,Between500kTo1m,Master,2
parentid_330,msmardon95,Mosi Emily,Chukwu,rmanners95@feedburner.com,339-859-1262,22408 Golf Center,2023-03-10T17:07:30Z,Above5m,Master,6
parentid_331,vwestrey96,Abena,Udeh,jbotten96@auda.org.au,411-257-3011,18075 Oak Valley Avenue,2022-01-25T13:15:59Z,Between200kTo500k,Master,8
parentid_332,ebolt97,Abigail,Okafor,trosin97@utexas.edu,137-247-9385,345 Pierstorff Park,2020-04-30T10:56:09Z,Between100kTo200k,Bachelor,2
parentid_333,alipman98,Victoria,Odetoyinbo,sniccols98@spotify.com,683-595-1730,255 Grim Circle,2020-06-30T15:35:36Z,Below50k,Master,8
parentid_334,hsalvati99,Thabo,Afolabi,eglyne99@spiegel.de,304-548-7149,13 Carey Park,2023-05-12T21:29:52Z,Between50kTo100k,Master,6
parentid_335,aloudwell9a,Ali,Sankoh,mtoretta9a@kickstarter.com,208-130-2242,7 Autumn Leaf Way,2024-06-24T11:45:32Z,Above5m,Master,10
parentid_336,fgarz9b,Ali,Ibrahim,vvasyukhichev9b@bloglines.com,152-154-9433,1392 Linden Point,2024-02-13T18:31:26Z,Between100kTo200k,Master,1
parentid_337,crewcastle9c,Aminata,Xaba,alaban9c@addtoany.com,739-609-6022,758 Division Road,2021-04-15T04:00:30Z,Between50kTo100k,Bachelor,9
parentid_338,dturfus9d,Laila,Odunsi,rmarkus9d@sfgate.com,883-256-3763,40373 Sauthoff Road,2019-11-22T15:48:36Z,Between100kTo200k,Master,2
parentid_339,jstidston9e,Christopher,Pityana,froggers9e@rediff.com,692-288-6446,2944 Magdeline Way,2021-10-02T12:44:21Z,Between50kTo100k,Master,2
parentid_340,wjost9f,Thomas,Quaye,lflorio9f@instagram.com,994-326-6726,54 Hazelcrest Trail,2021-01-08T12:18:40Z,Between2mTo5m,Master,10
parentid_341,tgypson9g,Daniel,Hassan,lbrosnan9g@jiathis.com,760-357-0199,0486 Homewood Street,2023-07-10T03:18:06Z,Between50kTo100k,Bachelor,6
parentid_342,bmacphail9h,Laila,Ekwenugo,esleeman9h@who.int,887-862-2838,248 Arapahoe Crossing,2023-12-20T10:06:29Z,Above5m,Master,3
parentid_343,scutill9i,Halima,Zulu,jmannin9i@simplemachines.org,833-813-0324,4 Colorado Point,2019-03-17T12:41:38Z,Between500kTo1m,Master,10
parentid_344,rfeighry9j,Zola,Odunsi,knottram9j@mozilla.com,383-587-4070,19326 Mariners Cove Point,2021-10-14T19:48:03Z,Below50k,Master,3
parentid_345,gspinke9k,Halima,Okafor,igittoes9k@google.co.jp,323-588-0589,61 Oak Valley Junction,2023-08-04T02:14:29Z,Between500kTo1m,Master,2
parentid_346,snorthwood9l,Baraka,Ncube,paugust9l@timesonline.co.uk,566-584-0452,47464 Union Crossing,2019-08-29T20:45:19Z,Above5m,Master,1
parentid_347,knasey9m,Safiya,Abiodun,bgeroldi9m@cdbaby.com,150-274-4588,097 Little Fleur Parkway,2021-10-15T18:32:08Z,Between2mTo5m,Master,8
parentid_348,krosengart9n,Rachel,Pityana,fmatley9n@360.cn,815-551-4928,9845 Luster Drive,2021-09-01T21:01:20Z,Above5m,Master,6
parentid_349,jbettenay9o,William,Ibrahim,kgynni9o@tripadvisor.com,144-301-6342,3 Paget Way,2020-07-24T13:45:56Z,Between500kTo1m,Master,7
parentid_350,mthomel9p,Halima,Okafor,ldomek9p@uiuc.edu,567-611-1911,44 Burning Wood Hill,2023-05-27T10:16:47Z,Above5m,Bachelor,9
parentid_351,dbucksey9q,Chioma,Babalola,spellatt9q@google.ru,599-665-3434,0185 Holy Cross Street,2022-07-12T03:25:09Z,Below50k,Master,2
parentid_352,cbaudy9r,Hassan.,Radebe,chardinge9r@lycos.com,634-141-0821,74391 Sullivan Court,2019-01-20T15:08:09Z,Between2mTo5m,Master,6
parentid_353,lratt9s,Farai,Gwala,rmorales9s@bloglovin.com,562-339-1853,549 Coolidge Parkway,2024-05-10T08:48:25Z,Between1mTo2m,Master,7
parentid_354,dboscher9t,Malik,Afolabi,hsale9t@discuz.net,435-753-8676,12 Dovetail Court,2022-06-20T12:47:22Z,Between100kTo200k,Bachelor,3
parentid_355,jmaddinon9u,Sarah,Xaba,npenberthy9u@google.fr,958-381-5402,555 Sunfield Place,2024-08-25T12:06:02Z,Between100kTo200k,Master,3
parentid_356,amewhirter9v,Ife,Dlamini,focleary9v@surveymonkey.com,162-288-2394,0605 Warner Parkway,2023-09-28T00:24:10Z,Between2mTo5m,Master,5
parentid_357,dtattersill9w,Mohammed,Hlongwane,drelfe9w@wunderground.com,543-381-5378,05 Holy Cross Pass,2020-08-10T10:36:51Z,Above5m,Bachelor,9
parentid_358,dvasilmanov9x,Amina,Babalola,cesslement9x@ameblo.jp,723-999-4525,667 Grasskamp Place,2019-05-11T04:53:55Z,Between500kTo1m,Master,9
parentid_359,lotoole9y,Kwame,Okafor,wcaudray9y@biblegateway.com,162-923-0084,8 Harper Street,2022-08-18T02:08:06Z,Between1mTo2m,Master,5
parentid_360,cbraithwaite9z,Rachel,Ekwenugo,lshall9z@github.com,521-616-5534,34557 Village Pass,2021-06-10T20:10:29Z,Above5m,Master,6
parentid_361,ebettanaya0,Samuel,Odunsi,wbritneya0@samsung.com,869-755-5546,8142 Sutherland Center,2021-06-13T20:15:34Z,Above5m,Doctoral,4
parentid_362,tharforda1,Chioma,Tandoh,myegorkina1@linkedin.com,201-417-1212,8655 Golf View Drive,2018-11-29T16:37:23Z,Between50kTo100k,Master,7
parentid_363,alaffina2,Hassan.,Pityana,ericeardsa2@pcworld.com,989-363-5769,6 Grim Drive,2020-11-22T20:57:57Z,Between1mTo2m,Master,6
parentid_364,chasnipa3,Babajide,Zulu,msherwooda3@nytimes.com,763-757-3710,7 Upham Street,2021-09-24T07:18:49Z,Between100kTo200k,Bachelor,8
parentid_365,ahurforda4,Safiya,Mthembu,amarsya4@cpanel.net,340-828-5451,342 Bluejay Drive,2024-01-13T12:00:32Z,Between100kTo200k,Master,8
parentid_366,ajanjusevica5,Thomas,Iwu,rblounta5@dot.gov,159-965-1292,1 Schlimgen Parkway,2020-03-28T17:04:39Z,Between2mTo5m,Vocational,5
parentid_367,ssweeneya6,Akua,Quaye,ebrocklebanka6@tiny.cc,427-651-3319,64 Pierstorff Park,2023-03-03T08:56:30Z,Between200kTo500k,Master,5
parentid_368,jroscrigga7,Nandi,Kofi,dobella7@ted.com,128-509-1094,911 Troy Court,2021-08-01T14:07:54Z,Above5m,Master,3
parentid_369,dbeeckxa8,Zola,Ibrahim,jmckertona8@weather.com,343-772-5140,1742 Longview Point,2021-03-09T03:08:43Z,Between200kTo500k,Master,9
parentid_370,wloheringa9,Sekou,Jallow,tdemaida9@yandex.ru,303-177-4225,11534 Arizona Drive,2023-03-20T22:46:21Z,Between2mTo5m,Master,7
parentid_371,ereevesaa,Khadija,Ekwenugo,hkilfederaa@creativecommons.org,996-468-3394,652 Lotheville Plaza,2022-07-27T16:31:55Z,Between100kTo200k,Master,8
parentid_372,sfrankeab,Nafisa,Lamine,nlambdonab@joomla.org,335-979-6138,01566 Fieldstone Center,2023-12-05T04:35:42Z,Below50k,Master,10
parentid_373,bwilboreac,Amina,Balewa,ogeraldiac@ed.gov,304-415-1843,65 Raven Street,2024-03-28T05:03:36Z,Between100kTo200k,Master,6
parentid_374,ohowtopreservead,Olufemi,Pityana,lquereead@t-online.de,142-148-6309,5920 Fairview Junction,2020-01-12T11:33:29Z,Below50k,Secondary,7
parentid_375,sgarzaae,Efua,Tandoh,btrahairae@tripadvisor.com,643-796-2813,49798 Manufacturers Point,2021-10-24T12:47:06Z,Between1mTo2m,Secondary,2
parentid_376,schurchingaf,Abdulrahman,Langa,pskirlingaf@t-online.de,962-598-5369,0890 Memorial Way,2024-01-17T10:54:25Z,Between50kTo100k,Bachelor,3
parentid_377,alabbetag,Ayodele,Sisulu,awillischag@harvard.edu,331-123-8252,10240 Eagle Crest Parkway,2019-06-20T22:17:18Z,Between50kTo100k,Master,9
parentid_378,agrouerah,Aisha,Ncube,mcasalettoah@narod.ru,998-189-0575,38308 Old Shore Alley,2021-08-09T03:48:50Z,Below50k,Master,9
parentid_379,mpickerinai,Abdullai,Abdullai,vulyattai@rakuten.co.jp,641-302-1343,22874 Eastwood Court,2019-05-08T10:36:16Z,Between100kTo200k,Bachelor,6
parentid_380,mmckinlessaj,Farai,Abdullai,aguilbertaj@webs.com,137-313-7048,24 South Pass,2024-02-29T07:27:45Z,Between200kTo500k,Diploma,3
parentid_381,bgiorgiuttiak,Chioma,Odunsi,thaggartyak@ebay.com,280-440-9055,54916 Pennsylvania Terrace,2019-09-18T16:47:11Z,Between500kTo1m,Master,7
parentid_382,cleavesal,Thabo,Pityana,rcollisonal@eepurl.com,550-232-6605,5 Hallows Avenue,2022-09-23T10:10:15Z,Below50k,Master,2
parentid_383,msignoretam,Ahmed,Quaye,glefrancam@thetimes.co.uk,807-724-4704,3712 Mariners Cove Drive,2019-08-29T04:57:50Z,Between1mTo2m,Doctoral,8
parentid_384,arupertan,Habiba,Amina,rwaplean@ucsd.edu,709-993-6752,109 Florence Terrace,2021-08-01T05:31:02Z,Between2mTo5m,Master,7
parentid_385,ymcmanamanao,Babajide,Langa,lvanderlindeao@canalblog.com,964-663-7378,87771 Cottonwood Road,2024-03-24T04:09:23Z,Above5m,Master,7
parentid_386,cphilipap,Nafisa,Sisulu,pmableyap@dell.com,145-629-8479,71241 Hagan Alley,2023-08-25T06:57:44Z,Between500kTo1m,Bachelor,1
parentid_387,jtodaq,Dalia,Tandoh,bocriganaq@bigcartel.com,659-110-8994,34980 Lighthouse Bay Crossing,2019-07-09T21:26:06Z,Between2mTo5m,Master,8
parentid_388,calfonsettoar,Wale,Odetoyinbo,lwinnettar@wikimedia.org,234-672-0708,10549 Merchant Terrace,2019-05-04T09:07:10Z,Between500kTo1m,Master,10
parentid_389,kwinklessas,Elizabeth,Radebe,asermanas@patch.com,213-876-4562,660 Carey Pass,2018-10-02T15:23:24Z,Between2mTo5m,Master,9
parentid_390,emoleat,Themba,Adedeji,efawthropat@ycombinator.com,393-799-9185,11 Vernon Hill,2019-06-03T10:30:24Z,Between50kTo100k,Master,2
parentid_391,wgindghillau,Elizabeth,Adedeji,dpagittau@ca.gov,270-327-0620,1 Carey Point,2022-10-17T03:42:35Z,Below50k,Master,3
parentid_392,cdegiorgisav,Abena,Tshabalala,ecassav@comcast.net,919-443-1366,728 Ludington Pass,2021-09-03T15:29:34Z,Between1mTo2m,Master,9
parentid_393,kpadwickaw,Sekou,Zulu,ieakinsaw@squidoo.com,733-265-9732,2710 Straubel Terrace,2023-01-07T18:11:39Z,Between1mTo2m,Bachelor,5
parentid_394,vsmylieax,Joseph,Afolabi,jberlinax@theglobeandmail.com,339-611-5229,25 Debra Drive,2019-08-04T06:22:26Z,Between500kTo1m,Master,6
parentid_395,lsteartay,Hassan.,Abdullai,rshippay@dailymotion.com,754-430-4555,8658 Anhalt Court,2023-07-06T22:18:31Z,Between2mTo5m,Master,6
parentid_396,bsaterweyteaz,Ayodele,Raji,sluxmooreaz@netlog.com,964-240-2484,798 Grim Drive,2023-03-16T11:19:46Z,Below50k,Master,2
parentid_397,wrockeyb0,Christopher,Tshabalala,fpillansb0@nydailynews.com,645-455-2467,20097 Marcy Alley,2024-06-22T08:44:28Z,Between200kTo500k,Master,5
parentid_398,abotlyb1,Ahmed,Afolabi,cmadsenb1@howstuffworks.com,613-247-4196,609 Golf View Circle,2023-07-22T08:29:59Z,Between500kTo1m,Other,2
parentid_399,bjannawayb2,Amara,Ngwenya,ngoldsterb2@mlb.com,607-222-8004,9 Sunfield Circle,2019-12-17T05:59:44Z,Between50kTo100k,Master,8
parentid_400,gstrakerb3,Elizabeth,Babalola,mfaithfullb3@jugem.jp,682-514-8886,7 Moose Avenue,2023-10-13T20:37:58Z,Between200kTo500k,Bachelor,2
parentid_401,aheffronb4,Joshua,Patel,dkubackib4@homestead.com,547-772-5295,1261 Monterey Plaza,2020-11-10T17:07:10Z,Above5m,Master,7
parentid_402,rgummieb5,Elizabeth,Fatunde,iroylb5@gravatar.com,793-523-1720,54 Hagan Center,2021-03-13T07:16:11Z,Above5m,Vocational,3
parentid_403,igaganb6,Dalia,Pityana,gblaslb6@lulu.com,951-640-3239,854 Walton Place,2021-07-30T08:59:22Z,Below50k,Master,6
parentid_404,edawidb7,Chioma,Radebe,uilieveb7@lulu.com,643-811-6147,18542 Arkansas Trail,2019-07-16T16:25:45Z,Between200kTo500k,Master,2
parentid_405,ftwitchingb8,Aisha,Afolabi,edesaveryb8@imgur.com,328-161-5560,510 Park Meadow Center,2023-10-23T23:47:15Z,Between1mTo2m,Master,2
parentid_406,zplesingb9,Safiya,Kallon,bsteeleb9@nba.com,230-953-1445,171 Truax Court,2020-04-25T10:11:18Z,Between1mTo2m,Master,2
parentid_407,kzecchinelliba,Zainab,Odetoyinbo,mpeppardba@epa.gov,361-281-2236,4609 North Lane,2020-12-26T01:00:39Z,Between1mTo2m,Master,9
parentid_408,dshillbb,Wale,Fofana,bschwandbb@comcast.net,263-147-8679,4 Manitowish Trail,2023-11-20T21:40:05Z,Between2mTo5m,Primary,10
parentid_409,rofogartybc,Safiya,Ibrahim,wchazellebc@google.com.hk,686-374-6949,546 3rd Lane,2020-06-22T05:54:34Z,Between100kTo200k,Other,7
parentid_410,bforesightbd,Malik,Ngwenya,cgurwoodbd@spotify.com,241-988-7406,215 Golden Leaf Crossing,2019-10-02T23:38:52Z,Between500kTo1m,Bachelor,1
parentid_411,rcuerdallbe,Nia,Patel,kmilleabe@home.pl,133-193-0401,5176 Forest Run Way,2018-11-16T00:22:25Z,Between200kTo500k,Master,10
parentid_412,mstriblingbf,Abdullai,Yakubu,mbonifacebf@fema.gov,593-378-1126,78020 Straubel Circle,2022-08-31T16:02:40Z,Between50kTo100k,Master,3
parentid_413,rgallopbg,Fatima,Quaye,zhabbershonbg@pagesperso-orange.fr,763-135-3333,1337 Kingsford Parkway,2019-06-01T01:13:49Z,Between500kTo1m,Bachelor,3
parentid_414,rdunckleybh,Kofi,Kallon,pweallbh@arstechnica.com,603-732-7671,84967 Park Meadow Court,2023-07-23T09:14:56Z,Between1mTo2m,Doctoral,10
parentid_415,kisakovicbi,Amina,Zulu,bspinleybi@howstuffworks.com,300-344-1255,7 Mesta Court,2022-02-19T03:16:30Z,Below50k,Master,1
parentid_416,cpaffotbj,Akua,Gbadamosi,kbagwellbj@unicef.org,953-508-3929,16902 Prairie Rose Park,2020-10-06T07:22:57Z,Between200kTo500k,Master,9
parentid_417,jrantoullbk,Ayodele,Lamine,ahabbijambk@meetup.com,293-974-5879,287 Florence Trail,2019-11-06T13:20:50Z,Below50k,Bachelor,9
parentid_418,pparadinebl,Amara,Patel,jbeevorbl@chron.com,733-440-5129,366 Blackbird Park,2022-02-21T03:40:59Z,Between2mTo5m,Master,7
parentid_419,wbuffbm,Ngozi,Hassan,lelgeybm@census.gov,382-637-9863,80971 Ludington Crossing,2018-12-22T08:35:43Z,Between500kTo1m,Master,10
parentid_420,tsuttillbn,Habiba,Dlamini,wrivelbn@vk.com,505-164-5714,910 Haas Road,2019-09-13T04:59:00Z,Between200kTo500k,Bachelor,4
parentid_421,cespleybo,Sade,Patel,abeldersonbo@ihg.com,740-204-5084,7 Glacier Hill Junction,2024-05-29T17:16:16Z,Between100kTo200k,Other,8
parentid_422,tlevisonbp,Abdullai,Xaba,zseeneybp@furl.net,336-203-8010,8 Havey Avenue,2022-11-07T08:51:37Z,Between2mTo5m,Vocational,1
parentid_423,thaffordbq,Jamila,Jallow,jfulbrookbq@networkadvertising.org,508-663-7617,8434 Burning Wood Court,2019-09-10T02:02:32Z,Between100kTo200k,Master,1
parentid_424,dhabblebr,Joseph,Mthembu,bderrickbr@dion.ne.jp,598-337-0324,87008 Oak Valley Avenue,2020-05-22T16:06:51Z,Between1mTo2m,Other,9
parentid_425,lbeelbybs,Zuberi,Yakubu,mdeeleybs@kickstarter.com,182-526-4343,0569 Elmside Crossing,2022-01-20T08:54:48Z,Between200kTo500k,Master,9
parentid_426,acorpebt,Omari,Malik,asleitebt@usa.gov,782-698-8706,8084 Brentwood Plaza,2021-09-04T19:25:13Z,Between100kTo200k,Master,8
parentid_427,gburneybu,Jabari,Diallo,iatthowebu@technorati.com,993-728-1678,6 Lukken Lane,2020-05-23T06:03:01Z,Between200kTo500k,Master,7
parentid_428,efaichniebv,Baraka,Ibrahim,csturrbv@cocolog-nifty.com,527-369-8010,502 Hanover Park,2020-11-25T01:55:44Z,Between1mTo2m,Bachelor,4
parentid_429,zmaccambridgebw,Themba,Fofana,lnowellbw@list-manage.com,714-182-5105,79 Pepper Wood Point,2023-02-17T11:33:10Z,Between50kTo100k,Master,2
parentid_430,mmccannbx,Rashida,Quaye,nmcareaveybx@deliciousdays.com,464-511-0549,65 Melrose Hill,2024-06-24T04:23:58Z,Between1mTo2m,Bachelor,9
parentid_431,rfarthinby,Hassan.,Kallon,kmacksteadby@woothemes.com,460-884-9467,62165 Hoard Way,2022-05-11T01:43:07Z,Between100kTo200k,Master,5
parentid_432,dvaissierebz,Zainab,Gbadamosi,sbartkiewiczbz@dot.gov,383-532-2813,31 Lakeland Plaza,2022-02-05T05:12:15Z,Above5m,Master,3
parentid_433,lswanboroughc0,Ngozi,Vundla,csamsonsenc0@auda.org.au,191-404-4323,277 Lukken Court,2018-12-29T03:12:19Z,Between2mTo5m,Master,4
parentid_434,nmolderc1,Aisha,Ngwenya,nishakc1@51.la,605-969-3385,15 Vidon Plaza,2023-09-08T14:12:30Z,Between200kTo500k,Master,9
parentid_435,fondracekc2,Dayo,Zulu,pfochsc2@simplemachines.org,320-901-4870,53782 Reindahl Crossing,2020-09-21T05:18:54Z,Between500kTo1m,Master,9
parentid_436,detiennec3,Rashida,Sankoh,kjobesc3@theatlantic.com,326-700-9385,330 3rd Pass,2021-02-21T09:58:01Z,Between2mTo5m,Master,3
parentid_437,sbelchemc4,Abdullai,Jallow,cgrindlec4@ameblo.jp,619-192-1922,2 Di Loreto Place,2022-11-24T21:53:34Z,Between200kTo500k,Master,9
parentid_438,bflipsc5,Thomas,Fatunde,inathonc5@diigo.com,973-534-6187,0477 Manley Drive,2019-12-16T08:27:07Z,Between500kTo1m,Master,10
parentid_439,ttaffec6,Oladipo,Xaba,jlaffranconic6@cdc.gov,495-201-0086,96 Dryden Circle,2022-04-29T19:28:40Z,Above5m,Master,7
parentid_440,kdunhamc7,Elizabeth,Mthembu,arettiec7@feedburner.com,751-348-8901,2 Mitchell Court,2023-03-21T20:56:50Z,Below50k,Doctoral,4
parentid_441,ldelepinec8,Christopher,Radebe,rschachc8@ocn.ne.jp,446-261-8649,997 Bayside Point,2020-12-26T22:52:03Z,Between1mTo2m,Master,10
parentid_442,lspofforthc9,Eshe,Kallon,mclynec9@indiegogo.com,698-170-5958,0 Kennedy Street,2020-11-17T17:48:35Z,Between500kTo1m,Other,4
parentid_443,sofieldca,Babajide,Juma,bstukeca@oaic.gov.au,486-951-5280,80 Nevada Pass,2024-02-01T20:10:17Z,Between200kTo500k,Master,3
parentid_444,kmapplebeckcb,Rebecca,Tandoh,pcohancb@europa.eu,918-919-1291,517 Becker Street,2022-09-16T16:25:00Z,Between100kTo200k,Master,6
parentid_445,fheadinghamcc,Samuel,Balewa,bsimonatocc@biblegateway.com,830-661-7119,9174 Sunnyside Drive,2021-08-12T05:51:53Z,Between1mTo2m,Master,1
parentid_446,vsurmancd,Aminata,Quaye,shaffendencd@4shared.com,781-366-5300,64 Victoria Point,2021-08-19T22:49:29Z,Between1mTo2m,Master,3
parentid_447,crapoce,Yusuf,Fatunde,jchamneyce@fc2.com,681-765-4283,11 Rowland Crossing,2021-08-05T01:32:17Z,Between50kTo100k,Master,8
parentid_448,msleetcf,Gabriel,Abdullai,acarmecf@ucla.edu,287-890-9874,22 Norway Maple Lane,2018-12-02T23:00:49Z,Between200kTo500k,Master,10
parentid_449,mbrumblecg,Hassan.,Xaba,rmyrtlecg@cnn.com,269-318-7625,690 Eggendart Terrace,2024-04-01T18:33:31Z,Between200kTo500k,Other,9
parentid_450,sfatharlych,Penda,Okafor,jmouserch@noaa.gov,687-115-6852,3 Arkansas Parkway,2022-11-06T05:50:26Z,Between200kTo500k,Master,7
parentid_451,jmundieci,Chinedu,Vundla,ltaborreci@a8.net,247-835-1763,37 Redwing Road,2021-12-04T00:05:07Z,Below50k,Master,2
parentid_452,gjurgencj,Laila,Vundla,gshardlowcj@abc.net.au,610-672-1760,40276 Prentice Place,2024-03-28T20:54:13Z,Below50k,Master,1
parentid_453,zsporesck,Dayo,Odunsi,srennockck@army.mil,270-165-8017,52 Crowley Alley,2022-12-01T18:32:45Z,Below50k,Master,1
parentid_454,sdirrcl,Sarah,Xaba,esictornescl@yahoo.com,221-360-8077,7 Golden Leaf Center,2023-03-07T08:35:59Z,Between1mTo2m,Master,3
parentid_455,dsteagallcm,Oladipo,Chukwu,lemmcm@rediff.com,449-996-0652,83 Michigan Drive,2018-10-21T12:17:21Z,Between1mTo2m,Master,10
parentid_456,rsnoadcn,Christopher,Juma,smawdittcn@canalblog.com,334-218-4165,2542 Porter Alley,2019-01-20T13:36:30Z,Below50k,Master,5
parentid_457,hzecchettico,Malik,Iwu,obarmbyco@a8.net,501-766-6140,89193 Bartelt Junction,2022-05-01T00:19:39Z,Above5m,Master,7
parentid_458,acolnetcp,Themba,Chukwu,hhaynesfordcp@si.edu,304-949-0754,90 Moulton Park,2018-12-24T05:03:50Z,Above5m,Bachelor,10
parentid_459,dwarwickcq,Penda,Vundla,gdanforthcq@soundcloud.com,930-319-0899,7 Golf Course Terrace,2020-05-20T07:49:01Z,Between100kTo200k,Bachelor,8
parentid_460,msandevercr,Eshe,Kofi,dlutschcr@yahoo.com,842-568-0760,2 Tony Junction,2020-11-12T19:25:33Z,Between500kTo1m,Master,3
parentid_461,scliffecs,Zainab,Hassan,rfindleycs@auda.org.au,766-501-8397,7688 Stone Corner Court,2021-11-03T16:46:47Z,Between50kTo100k,Bachelor,6
parentid_462,ahoogendorpct,Aisha,Ncube,btschiersect@netlog.com,473-544-9441,80 Ramsey Court,2024-10-02T08:35:15Z,Between200kTo500k,Other,6
parentid_463,mcicchettocu,Chinedu,Amina,swhitworthcu@jiathis.com,183-119-7779,1 Lukken Center,2022-12-06T13:13:45Z,Between1mTo2m,Other,6
parentid_464,sculvercv,Mandla,Juma,fosmintcv@un.org,572-527-2330,9599 Packers Road,2022-09-20T02:07:03Z,Between2mTo5m,Master,3
parentid_465,talvescw,Elizabeth,Yakubu,starquinicw@cbsnews.com,414-472-8086,388 Main Pass,2022-11-14T07:44:47Z,Between500kTo1m,Master,2
parentid_466,dryvescx,Ali,Hassan,ppilmorecx@usgs.gov,761-456-4633,4594 Bultman Park,2023-12-07T20:33:22Z,Between50kTo100k,Master,7
parentid_467,nbeaulycy,Thomas,Balewa,gorgeecy@csmonitor.com,608-832-3249,5559 Superior Lane,2020-08-20T02:02:36Z,Between200kTo500k,Master,6
parentid_468,sofihilliecz,Khamisi,Kofi,schaperlincz@bigcartel.com,617-743-8710,1 Nancy Drive,2019-08-01T21:51:22Z,Below50k,Master,2
parentid_469,rpalerd0,Zuri,Quaye,tsheweryd0@themeforest.net,375-606-6862,0 Shoshone Lane,2021-09-28T16:00:41Z,Above5m,Bachelor,8
parentid_470,iokieltd1,Zuri,Xaba,nchurmsd1@xinhuanet.com,176-401-8878,4382 Sachs Park,2020-02-24T00:25:43Z,Between50kTo100k,Master,7
parentid_471,dtrayted2,Ali,Mthembu,hsandelld2@clickbank.net,262-293-1653,08 Granby Way,2024-08-05T01:11:35Z,Below50k,Master,4
parentid_472,gwarrilowd3,Jamila,Ekwenugo,blayd3@statcounter.com,873-468-5165,6258 Nancy Crossing,2020-12-14T01:22:06Z,Below50k,Other,8
parentid_473,ejermyd4,Esther,Chukwu,baxcelld4@illinois.edu,439-930-0024,4 Trailsway Avenue,2019-11-13T08:31:21Z,Between100kTo200k,Other,2
parentid_474,tbreded5,Babajide,Fofana,phindmoord5@newyorker.com,331-516-8430,32088 Vermont Crossing,2022-07-21T07:22:18Z,Between50kTo100k,Master,8
parentid_475,ralebrooked6,Tunde,Xaba,mlippid6@vkontakte.ru,703-242-9373,42000 Acker Place,2019-09-05T00:43:00Z,Between100kTo200k,Other,6
parentid_476,ebengald7,Tunde,Adedeji,mdandod7@wordpress.com,938-778-5909,53 Oak Valley Circle,2020-09-05T19:59:39Z,Between200kTo500k,Master,7
parentid_477,jlinklaterd8,Thomas,Hlongwane,bdoncomd8@dot.gov,960-634-4683,10322 Hermina Trail,2021-01-23T19:30:18Z,Above5m,Master,8
parentid_478,lhusherd9,Samuel,Mthembu,ccrowned9@reddit.com,288-946-8392,4 Laurel Pass,2023-03-28T19:31:49Z,Above5m,Doctoral,2
parentid_479,mskingleyda,Chioma,Langa,odenkelda@springer.com,842-268-0738,5981 Schlimgen Court,2022-08-09T13:56:18Z,Between100kTo200k,Doctoral,7
parentid_480,prolstonedb,Hassan.,Gwala,dlauritsendb@upenn.edu,245-986-8264,384 Thierer Park,2024-03-15T13:50:27Z,Between500kTo1m,Bachelor,1
parentid_481,mhindesdc,Gabriel,Pityana,tlamckendc@livejournal.com,248-933-4458,700 Manufacturers Way,2020-11-01T03:43:19Z,Between500kTo1m,Master,5
parentid_482,lcockshuttdd,Kofi,Abiodun,mvernallsdd@kickstarter.com,859-182-3269,62 Evergreen Junction,2023-02-27T23:26:42Z,Between200kTo500k,Master,8
parentid_483,hzarbde,Yusuf,Raji,ssylvesterde@auda.org.au,226-239-3253,5 Namekagon Plaza,2021-05-05T17:34:38Z,Between100kTo200k,Master,1
parentid_484,keyamdf,Tunde,Ibrahim,ctearnydf@mac.com,584-968-7893,2785 Delaware Road,2024-04-21T00:14:47Z,Between200kTo500k,Master,2
parentid_485,lmurieldg,Esther,Quagraine,lberkdg@wunderground.com,570-452-3951,17605 Swallow Parkway,2019-02-23T02:42:45Z,Between50kTo100k,Master,2
parentid_486,gstansbiedh,Laila,Lamine,dmccritichiedh@goo.ne.jp,818-970-4432,4 Coleman Pass,2021-06-14T01:47:01Z,Between2mTo5m,Master,9
parentid_487,lmouthdi,Eshe,Fofana,lcattonnetdi@artisteer.com,127-266-2107,71 Fordem Plaza,2020-07-26T01:46:21Z,Between100kTo200k,Master,9
parentid_488,aespleydj,Jamila,Jallow,jmortlockdj@hugedomains.com,795-232-9872,625 Upham Lane,2021-01-31T02:50:35Z,Above5m,Master,8
parentid_489,zbulfoydk,Zola,Dlamini,spirdydk@arizona.edu,276-150-2541,760 Buhler Pass,2024-02-26T08:40:41Z,Below50k,Master,8
parentid_490,ltrenbaydl,Olufemi,Ibrahim,jdehoochdl@about.me,485-723-5215,94 Ryan Parkway,2021-05-07T02:12:55Z,Between500kTo1m,Master,10
parentid_491,cvisickdm,Ayo,Zulu,ccummingsdm@howstuffworks.com,126-239-2234,5012 Anniversary Alley,2022-04-29T05:04:15Z,Between50kTo100k,Master,5
parentid_492,rscorthornedn,Chinedu,Pityana,jclingoedn@squarespace.com,105-889-8566,47 Charing Cross Road,2023-10-05T06:40:44Z,Between1mTo2m,Master,9
parentid_493,mmchirriedo,Victoria,Afolabi,sgrzegorczykdo@marketwatch.com,710-462-8242,3 Warner Park,2020-03-12T03:57:30Z,Above5m,Primary,3
parentid_494,glowndp,Ngozi,Gwala,roxendendp@thetimes.co.uk,267-608-3421,537 Sutteridge Alley,2021-07-10T13:08:08Z,Between100kTo200k,Master,10
parentid_495,ryoutheddq,Amara,Tandoh,wallensondq@naver.com,133-678-8119,84370 Park Meadow Street,2023-10-05T01:16:53Z,Between50kTo100k,Master,8
parentid_496,lchealdr,Oladipo,Hassan,atumultydr@kickstarter.com,428-506-1217,38 Arizona Hill,2022-06-27T08:57:27Z,Below50k,Master,5
parentid_497,jmacdunleavyds,Mosi Emily,Afolabi,jwissonds@wsj.com,679-206-7978,45269 Union Crossing,2019-06-14T19:44:08Z,Between1mTo2m,Bachelor,5
parentid_498,rdackdt,Malik,Chukwu,rmccauleydt@slate.com,937-897-4387,6742 Arapahoe Park,2023-02-05T11:45:17Z,Above5m,Master,3
parentid_499,lspicerdu,Ayodele,Babalola,alesmondedu@youku.com,289-150-3276,5140 Maryland Street,2020-01-24T10:13:34Z,Between500kTo1m,Master,4
parentid_500,lmitiedv,Kofi,Quaye,xweagenerdv@indiatimes.com,808-777-7010,49191 Fuller Plaza,2024-03-05T23:11:03Z,Below50k,Master,2
parentid_501,modownedw,Ngozi,Sankoh,jstalfdw@ted.com,568-392-4516,462 Vermont Road,2023-11-05T04:04:33Z,Below50k,Master,3
parentid_502,lcolmerdx,Ife,Abiodun,fcardisdx@photobucket.com,625-223-1349,678 Boyd Court,2020-10-16T13:50:18Z,Between500kTo1m,Bachelor,4
parentid_503,bwincottdy,Ibrahim,Patel,egergerdy@google.com.br,738-589-2671,7543 West Drive,2022-09-28T23:24:46Z,Between500kTo1m,Master,9
parentid_504,jbresnerdz,Omar,Afolabi,afuttydz@t.co,729-917-1029,3 Di Loreto Center,2023-12-22T11:58:15Z,Below50k,Master,8
parentid_505,ggeraldeze0,Aisha,Pityana,dcreaseye0@macromedia.com,253-935-6690,3118 Jay Hill,2024-06-24T01:36:37Z,Between50kTo100k,Master,4
parentid_506,rcubberleye1,Victoria,Vundla,cflasbye1@webeden.co.uk,292-592-3815,5 Algoma Hill,2023-04-13T14:39:41Z,Between2mTo5m,Master,7
parentid_507,ltheakere2,Chinedu,Quagraine,skilmastere2@hubpages.com,179-489-9782,7 Straubel Avenue,2021-12-12T08:54:29Z,Below50k,Master,1
parentid_508,cmckearnene3,William,Kallon,astuehmeiere3@globo.com,803-457-8606,945 Comanche Park,2019-08-03T20:29:24Z,Below50k,Bachelor,2
parentid_509,mshaye4,Efua,Adedeji,lgodaine4@geocities.jp,572-289-7386,82 Independence Park,2022-04-11T23:14:51Z,Between2mTo5m,Master,8
parentid_510,agradwelle5,Zuri,Fatunde,gcheynee5@issuu.com,363-407-1369,3 Carberry Drive,2019-09-23T03:37:34Z,Between50kTo100k,Master,1
parentid_511,wingalle6,Yusuf,Chukwu,fdransfielde6@auda.org.au,424-228-1887,281 Pond Alley,2019-10-30T13:38:45Z,Below50k,Master,2
parentid_512,svedenisove7,Rachel,Radebe,acumbese7@jiathis.com,664-247-4578,42002 Cody Street,2021-01-20T13:19:41Z,Below50k,Master,7
parentid_513,wplumbee8,Abdullai,Hlongwane,cfirebracee8@wisc.edu,961-248-5903,13866 Tomscot Court,2021-03-24T20:59:05Z,Above5m,Master,2
parentid_514,ekauffmane9,Dayo,Jallow,kesilmone9@instagram.com,780-753-1902,8 Summer Ridge Circle,2021-01-20T21:45:29Z,Between50kTo100k,Master,10
parentid_515,pbaronea,Kwame,Jallow,usurplissea@github.io,512-139-9733,4598 Mcguire Junction,2022-05-16T06:07:03Z,Between100kTo200k,Other,10
parentid_516,esangraeb,Jabari,Iwu,pquerreeeb@moonfruit.com,937-514-9335,43499 Green Ridge Pass,2024-01-01T23:05:50Z,Above5m,Master,9
parentid_517,croothamec,Thabo,Lamine,emcqueenec@github.com,341-887-9808,71069 Barby Place,2023-06-30T18:48:10Z,Below50k,Other,5
parentid_518,aflemminged,Abdulrahman,Ibrahim,jfreschied@instagram.com,513-524-6564,5 Judy Circle,2021-06-16T15:03:23Z,Below50k,Doctoral,7
parentid_519,zcasesee,Nia,Gwala,cslewcockee@dyndns.org,468-623-3826,9 Darwin Trail,2023-12-24T18:05:44Z,Above5m,Secondary,1
parentid_520,ystobbsef,Deborah,Diallo,jparadyceef@theguardian.com,178-241-6961,95 Lillian Point,2023-01-18T10:36:54Z,Between50kTo100k,Bachelor,2
parentid_521,mspriggeneg,Aminata,Quaye,corganereg@clickbank.net,234-671-7362,2 Fairfield Plaza,2023-09-06T12:02:27Z,Between2mTo5m,Master,7
parentid_522,ggodwineh,Khamisi,Abdullai,hdurdyeh@ftc.gov,731-683-8230,869 Mcguire Place,2020-01-02T01:57:27Z,Between100kTo200k,Master,2
parentid_523,mrembrantei,Habiba,Tshabalala,ransticeei@earthlink.net,159-467-6969,428 Valley Edge Street,2021-09-28T16:02:10Z,Between200kTo500k,Other,10
parentid_524,troskrugej,Farai,Afolabi,pbimroseej@vimeo.com,640-374-7675,8143 Ridgeview Plaza,2020-03-14T12:22:44Z,Above5m,Master,7
parentid_525,dsucheek,Nandi,Abdullai,amcelhargyek@nasa.gov,633-213-3319,1881 Sunbrook Park,2023-07-31T09:34:32Z,Between100kTo200k,Master,9
parentid_526,rcastagnassoel,Sekou,Tandoh,rbarleeel@examiner.com,993-386-6238,3 Mesta Center,2023-01-26T02:36:47Z,Between500kTo1m,Master,1
parentid_527,bfeatherstonhalghem,Themba,Okafor,asewleyem@miibeian.gov.cn,207-717-6473,44 Vahlen Terrace,2022-11-04T08:56:25Z,Above5m,Master,10
parentid_528,jissacen,Ayodele,Sankoh,blannenen@gizmodo.com,242-188-6304,75936 Hoepker Road,2021-02-07T12:14:19Z,Between200kTo500k,Bachelor,8
parentid_529,bbettensoneo,Abena,Ibrahim,dhamberstoneeo@huffingtonpost.com,694-884-5811,05 Debs Way,2023-12-30T15:05:46Z,Between2mTo5m,Master,5
parentid_530,afrusherep,Olufemi,Vundla,eguyerep@vistaprint.com,945-640-4688,98 Harbort Hill,2024-06-29T18:25:25Z,Between2mTo5m,Bachelor,6
parentid_531,bchastneyeq,Fatima,Chukwu,gkleinhauseneq@bloglovin.com,625-191-3527,236 Glendale Park,2022-03-02T08:04:23Z,Between50kTo100k,Master,2
parentid_532,tshrimpliner,Penda,Babalola,ebartozzier@people.com.cn,110-429-7369,3251 Oak Terrace,2022-02-17T01:08:05Z,Between1mTo2m,Master,7
parentid_533,isallingses,Omar,Lamine,ndiscombees@skype.com,644-890-0147,11 Ridge Oak Lane,2021-06-29T04:20:26Z,Between500kTo1m,Master,8
parentid_534,ccorkhillet,Christopher,Quagraine,cslimmonet@stumbleupon.com,389-536-4833,54 Ryan Road,2023-03-04T09:50:19Z,Between2mTo5m,Bachelor,9
parentid_535,aclappertoneu,Oladipo,Chukwu,omesnardeu@freewebs.com,637-517-7960,54 Utah Hill,2019-07-23T13:19:49Z,Between200kTo500k,Master,8
parentid_536,eatackev,Amara,Gwala,atuillerev@sciencedirect.com,119-201-4635,88989 Quincy Plaza,2024-08-11T22:47:18Z,Between1mTo2m,Vocational,1
parentid_537,tarndtew,Femi,Nafisa,mdreghornew@unicef.org,390-736-4895,96 Anzinger Street,2024-02-01T08:29:59Z,Between50kTo100k,Master,8
parentid_538,dbuxyex,Aminata,Abiodun,ksonesex@mayoclinic.com,795-202-1059,9328 East Crossing,2019-02-13T22:57:09Z,Between50kTo100k,Master,1
parentid_539,kgawkeey,Baraka,Raji,rscotchmorey@storify.com,879-710-1563,02 Old Shore Way,2022-12-20T13:37:45Z,Above5m,Master,5
parentid_540,gsawdyez,Joseph,Zulu,bprozilloez@upenn.edu,711-182-9811,4 Oak Valley Park,2023-02-08T23:08:09Z,Between100kTo200k,Bachelor,5
parentid_541,rmoralesf0,Sarah,Tshabalala,rsimakovf0@cloudflare.com,554-437-1847,10810 Elgar Street,2019-02-27T12:25:43Z,Between2mTo5m,Master,10
parentid_542,cerief1,Zainab,Odunsi,apaddefieldf1@issuu.com,782-899-5258,0968 Dunning Crossing,2019-08-23T19:32:20Z,Between200kTo500k,Master,10
parentid_543,mhebsonf2,Mosi Emily,Ncube,rfalconarf2@booking.com,281-985-6716,8283 West Parkway,2020-01-02T03:34:03Z,Between1mTo2m,Master,8
parentid_544,jthunnerclifff3,Lerato,Vundla,fdaillyf3@digg.com,866-690-1874,24629 Hollow Ridge Court,2022-12-14T23:59:50Z,Above5m,Master,2
parentid_545,toriganf4,Abdullai,Adedeji,dhassettf4@jugem.jp,146-532-5996,203 Hollow Ridge Junction,2019-03-31T17:07:05Z,Between500kTo1m,Master,4
parentid_546,jtimperleyf5,Chinedu,Zulu,obyarsf5@sogou.com,246-787-4196,20980 Schmedeman Parkway,2020-10-18T09:29:16Z,Between200kTo500k,Primary,3
parentid_547,sjaegarf6,Nafisa,Ibrahim,mbaggallayf6@hc360.com,277-957-8437,0 Valley Edge Parkway,2020-07-16T15:15:20Z,Between200kTo500k,Master,9
parentid_548,cgarleef7,Rashida,Chukwu,ereilingf7@bing.com,853-337-8640,531 Memorial Lane,2023-03-29T08:45:04Z,Between2mTo5m,Master,4
parentid_549,bdudgeonf8,Amina,Patel,ddalwisf8@abc.net.au,885-199-7288,5352 Old Shore Circle,2020-09-05T03:09:16Z,Above5m,Master,3
parentid_550,kaaronsonf9,Ngozi,Tandoh,rfilkinf9@ca.gov,152-805-8481,17 Shoshone Parkway,2024-01-08T18:20:53Z,Between50kTo100k,Master,5
parentid_551,dkeelyfa,Aisha,Tandoh,manthiftlefa@seattletimes.com,387-102-2468,9612 Grasskamp Court,2020-09-01T02:55:00Z,Below50k,Master,4
parentid_552,apeintonfb,Omari,Juma,tdibdenfb@zdnet.com,400-939-7797,3577 Bayside Terrace,2021-05-04T03:39:12Z,Between200kTo500k,Master,4
parentid_553,tmatussowfc,Hannah,Quagraine,lkonnekefc@independent.co.uk,391-838-3748,923 Hayes Circle,2022-06-17T17:32:23Z,Between50kTo100k,Doctoral,6
parentid_554,cbarsbyfd,Kofi,Hassan,eculshawfd@bing.com,802-281-5222,10 Jenifer Lane,2020-02-04T14:04:28Z,Between500kTo1m,Master,4
parentid_555,beteenfe,Elizabeth,Abdullai,cmaiseyfe@dell.com,862-306-3336,0108 Acker Crossing,2021-04-02T21:06:28Z,Between1mTo2m,Master,6
parentid_556,servinff,Olufemi,Wade,ldunleavyff@google.nl,808-448-6274,070 Granby Drive,2023-04-23T21:38:00Z,Between100kTo200k,Master,10
parentid_557,nscaddonfg,Hassan.,Ncube,vtossellfg@1und1.de,676-277-5590,6 Dwight Park,2019-01-02T13:34:08Z,Between200kTo500k,Doctoral,3
parentid_558,asunnucksfh,Khamisi,Sankoh,nmithamfh@statcounter.com,468-932-6543,0025 Maryland Avenue,2024-03-12T15:52:45Z,Below50k,Master,1
parentid_559,mblaschkefi,Hannah,Tandoh,adadgefi@dion.ne.jp,933-569-9984,85 Mitchell Drive,2019-12-04T03:51:12Z,Between100kTo200k,Other,2
parentid_560,jmccombfj,Sekou,Okafor,wkosefj@adobe.com,272-523-5736,150 Meadow Vale Parkway,2021-03-15T11:26:19Z,Between100kTo200k,Master,2
parentid_561,jsimnerfk,Safiya,Iwu,vwrattenfk@ameblo.jp,581-378-2124,0274 Ruskin Parkway,2019-07-15T08:01:26Z,Above5m,Master,3
parentid_562,gmaffezzolifl,William,Diallo,bcarstairsfl@w3.org,286-599-8958,333 Canary Point,2020-05-20T12:08:09Z,Between2mTo5m,Master,4
parentid_563,lhebronfm,Abena,Okafor,sairdsfm@ox.ac.uk,715-556-5082,590 Heffernan Avenue,2020-02-02T02:48:52Z,Between500kTo1m,Master,4
parentid_564,lharralfn,Imani,Nafisa,zmorlfn@unesco.org,403-249-4205,51 Kingsford Park,2021-02-16T20:48:18Z,Between1mTo2m,Master,8
parentid_565,afarnfieldfo,Dayo,Udeh,hwofendenfo@freewebs.com,585-564-7767,7 Dennis Center,2019-06-08T01:24:03Z,Between2mTo5m,Master,3
parentid_566,echeersfp,William,Malik,jdemattiafp@si.edu,426-338-4715,3 Eggendart Trail,2022-02-04T14:11:45Z,Between50kTo100k,Master,8
parentid_567,cspinellafq,Ali,Nafisa,obrayshayfq@goo.ne.jp,544-468-3678,62152 Fair Oaks Plaza,2024-05-29T15:58:08Z,Between500kTo1m,Master,7
parentid_568,dhuttfr,Hassan.,Abiodun,vlozanofr@thetimes.co.uk,875-973-2649,82 American Ash Center,2019-02-03T14:01:51Z,Between100kTo200k,Master,8
parentid_569,spenkethmanfs,Ibrahim,Ibrahim,rarghentfs@trellian.com,162-866-1663,83919 Eastwood Trail,2021-05-18T03:59:15Z,Between2mTo5m,Master,6
parentid_570,friepelft,Sarah,Wade,pcrookeft@tmall.com,227-457-7149,2523 Montana Trail,2020-09-13T00:52:39Z,Between500kTo1m,Master,3
parentid_571,baronowiczfu,Nandi,Iwu,ejulyanfu@slideshare.net,409-313-0829,84470 Barnett Court,2022-06-19T18:16:38Z,Between100kTo200k,Master,3
parentid_572,mcottafv,Daniel,Wade,lmatteonifv@tmall.com,659-695-7630,9949 Eastwood Circle,2023-06-01T10:37:32Z,Above5m,Master,10
parentid_573,cortesfw,Oladipo,Ncube,imintoftfw@i2i.jp,955-437-3472,41450 Warbler Street,2019-01-09T02:07:02Z,Between200kTo500k,Bachelor,10
parentid_574,gfinchamfx,Femi,Okafor,pkealyfx@nih.gov,769-498-9401,9 Gulseth Trail,2020-11-23T20:44:49Z,Between200kTo500k,Other,3
parentid_575,iarentfy,Jabari,Diallo,gscoulerfy@tinypic.com,788-764-0903,72587 Melrose Way,2024-02-24T12:08:58Z,Between200kTo500k,Master,8
parentid_576,cdowthwaitefz,Samuel,Lamine,owilbyfz@huffingtonpost.com,849-106-4117,4786 Village Green Pass,2023-06-21T07:14:20Z,Between100kTo200k,Master,5
parentid_577,dbirchenoughg0,Olamide,Udeh,dpiatkowg0@themeforest.net,998-422-4787,69055 Spohn Parkway,2023-04-27T18:23:47Z,Between500kTo1m,Bachelor,2
parentid_578,bmanterfieldg1,Daniel,Quagraine,skeatingg1@multiply.com,588-187-5174,9 Garrison Pass,2023-06-28T03:56:10Z,Between2mTo5m,Master,6
parentid_579,gstrangg2,Olamide,Sisulu,gdrewg2@multiply.com,368-820-6736,2 Bultman Crossing,2022-09-06T12:33:46Z,Between500kTo1m,Master,8
parentid_580,ckuhlg3,Fatima,Lamine,jmcterlaghg3@google.fr,262-280-3586,2598 Commercial Drive,2018-10-22T03:59:19Z,Between1mTo2m,Bachelor,1
parentid_581,qtoddg4,William,Gwala,bhoxeyg4@wp.com,985-933-2851,19 Eagle Crest Center,2019-08-08T14:18:18Z,Between2mTo5m,Master,4
parentid_582,nogleasaneg5,Sekou,Balewa,lzavittierig5@archive.org,230-738-0897,340 Buhler Hill,2022-12-31T16:48:38Z,Between2mTo5m,Master,1
parentid_583,nstarsmoreg6,Samuel,Sisulu,lgiralg6@sourceforge.net,317-367-5495,234 Sommers Lane,2021-12-19T06:03:38Z,Between100kTo200k,Doctoral,4
parentid_584,wcreamg7,Fatima,Yakubu,cinglestong7@altervista.org,398-556-4601,9 Bellgrove Court,2023-01-20T07:18:50Z,Between50kTo100k,Bachelor,6
parentid_585,dspirg8,Ngozi,Ngwenya,pandreevg8@imageshack.us,671-318-0872,507 Vera Crossing,2019-12-30T04:03:39Z,Between100kTo200k,Master,6
parentid_586,mkiljang9,Laila,Xaba,tpopovg9@apache.org,597-622-1932,52 Northfield Avenue,2024-02-01T06:23:34Z,Between500kTo1m,Primary,1
parentid_587,mseedmanga,Omari,Malik,achilversga@wsj.com,322-789-7791,9 Graedel Drive,2024-09-30T12:53:04Z,Between200kTo500k,Master,7
parentid_588,thriinchenkogb,Zainab,Tshabalala,sflooksgb@dagondesign.com,299-391-7101,690 Dapin Trail,2023-09-16T21:38:10Z,Between500kTo1m,Master,5
parentid_589,ncansdellgc,Oladipo,Malik,tmenhcigc@symantec.com,214-543-4655,34 Browning Place,2022-08-15T22:52:41Z,Between100kTo200k,Master,6
parentid_590,ckingtongd,Safiya,Lamine,jcloustongd@bing.com,198-585-4565,6228 Riverside Point,2024-04-06T01:10:58Z,Between200kTo500k,Master,9
parentid_591,mbelverstonege,Victoria,Hlongwane,okingabyge@illinois.edu,466-582-1355,90 Red Cloud Hill,2018-11-04T19:50:43Z,Below50k,Master,6
parentid_592,efyrthgf,Habiba,Odetoyinbo,bshepeardgf@usa.gov,461-127-2803,8 Beilfuss Street,2020-05-07T01:41:57Z,Between100kTo200k,Bachelor,2
parentid_593,lhouseleegg,Thomas,Adedeji,cedsellgg@intel.com,702-267-6316,925 Blackbird Crossing,2019-05-15T09:59:46Z,Above5m,Vocational,9
parentid_594,sastlettgh,Esther,Abiodun,ftarlinggh@disqus.com,806-443-5019,93 Eliot Road,2022-09-02T15:57:47Z,Between100kTo200k,Master,10
parentid_595,phuckstergi,Elizabeth,Quaye,flunnongi@skype.com,735-354-7536,84 Stang Street,2019-05-02T21:08:44Z,Between500kTo1m,Master,6
parentid_596,eduffieldgj,Abena,Radebe,abrachgj@patch.com,798-626-1780,5 Mcguire Alley,2024-07-20T21:42:13Z,Between2mTo5m,Bachelor,6
parentid_597,tdenialgk,Ngozi,Udeh,crisinggk@lulu.com,583-474-6282,94 Farwell Point,2021-11-03T09:43:29Z,Above5m,Master,3
parentid_598,bmarchelligl,Ayo,Balewa,lusherwoodgl@businessinsider.com,267-230-7877,4 Service Trail,2019-01-13T10:11:36Z,Between500kTo1m,Master,2
parentid_599,eburdgegm,Dayo,Diallo,dstrowthersgm@nydailynews.com,406-283-8709,9 Hoffman Road,2021-05-23T12:36:32Z,Between1mTo2m,Master,2
parentid_600,jblanpeingn,Safiya,Afolabi,hcolliholegn@qq.com,715-296-4827,8304 Tennyson Terrace,2021-06-19T08:15:55Z,Between100kTo200k,Master,8
parentid_601,lsainsburybrowngo,Oladipo,Fatunde,bibbottgo@t.co,398-717-2682,924 Carberry Alley,2021-06-28T14:57:13Z,Between200kTo500k,Bachelor,1
parentid_602,hhumblegp,Tunde,Ngwenya,kdidellogp@dion.ne.jp,567-786-9547,05082 Moose Drive,2024-04-07T15:31:38Z,Between500kTo1m,Master,1
parentid_603,ademattiagq,Jabari,Fatunde,kassitergq@java.com,740-934-1832,6572 Elka Terrace,2020-01-26T05:35:55Z,Above5m,Master,3
parentid_604,ncollcottgr,Ayodele,Wade,kullettgr@twitter.com,797-142-8845,834 Northridge Plaza,2022-12-25T14:45:19Z,Between200kTo500k,Master,4
parentid_605,scadagangs,Ayo,Abiodun,dminillogs@discovery.com,379-658-6139,191 Reindahl Park,2022-09-11T20:55:00Z,Between500kTo1m,Master,4
parentid_606,lfoulsergt,Oladipo,Ncube,ecrossbygt@google.it,248-974-9867,5958 Sheridan Drive,2019-04-24T01:01:50Z,Between200kTo500k,Bachelor,7
parentid_607,ksambellsgu,Safiya,Quagraine,mponsfordgu@ustream.tv,176-703-8554,0 Nancy Point,2023-06-29T23:35:38Z,Between100kTo200k,Bachelor,6
parentid_608,kreaneygv,Gabriel,Okafor,gbrotherickgv@hp.com,692-495-7811,384 Ludington Avenue,2023-12-30T19:48:58Z,Above5m,Master,2
parentid_609,mkamenagw,Joseph,Babalola,csisselotgw@rakuten.co.jp,986-835-8777,1 Stephen Crossing,2021-07-31T20:56:25Z,Between2mTo5m,Master,2
parentid_610,mhobbemagx,Hannah,Odetoyinbo,jdedmangx@rakuten.co.jp,234-960-1331,7546 Maryland Park,2020-02-15T10:02:46Z,Between50kTo100k,Master,7
parentid_611,imoorwoodgy,Omari,Langa,tgallghergy@bigcartel.com,600-572-3856,2629 Garrison Way,2021-05-31T06:28:04Z,Between2mTo5m,Master,9
parentid_612,kduffiegz,Ayodele,Ibrahim,mjossgz@amazon.co.uk,999-957-6725,875 7th Plaza,2019-01-26T18:31:36Z,Between50kTo100k,Master,5
parentid_613,olongoh0,Christopher,Patel,bswinbourneh0@statcounter.com,410-784-7525,0 Anthes Park,2020-05-26T06:39:50Z,Below50k,Other,6
parentid_614,muttermareh1,Dayo,Langa,dwilceh1@smugmug.com,940-752-8690,2 Mifflin Park,2018-12-31T17:27:29Z,Between2mTo5m,Master,4
parentid_615,gladlowh2,Joseph,Fatunde,tmcomishh2@auda.org.au,471-931-3028,63 Muir Avenue,2020-08-02T04:27:19Z,Below50k,Master,6
parentid_616,pkroonh3,Abdulrahman,Zulu,gelderh3@thetimes.co.uk,151-977-3182,87 Banding Parkway,2022-04-20T08:50:04Z,Between1mTo2m,Master,1
parentid_617,vdelaperrelleh4,Abdullai,Tandoh,wbartosiakh4@huffingtonpost.com,160-119-7532,60 Annamark Park,2021-12-10T09:58:07Z,Between50kTo100k,Master,5
parentid_618,emapplethorpeh5,Tunde,Quagraine,blasteh5@soundcloud.com,525-112-5924,745 Buhler Crossing,2024-04-09T18:16:13Z,Between2mTo5m,Master,5
parentid_619,jcootsh6,Abigail,Patel,ncrosenh6@artisteer.com,513-214-1311,66907 Bartelt Avenue,2019-10-09T19:16:22Z,Below50k,Master,3
parentid_620,zshackelh7,Abena,Kofi,rbarbosah7@ehow.com,438-271-0101,19996 Maryland Alley,2019-10-06T22:20:24Z,Between100kTo200k,Master,7
parentid_621,byettsh8,Chioma,Tandoh,cpaolinoh8@devhub.com,245-879-5304,44 Dayton Plaza,2023-12-29T07:38:27Z,Between2mTo5m,Bachelor,1
parentid_622,cstayth9,Elizabeth,Babalola,jallixh9@ning.com,786-320-7069,29199 Kingsford Court,2024-01-06T08:07:08Z,Below50k,Master,9
parentid_623,lcogganha,Nandi,Malik,tmcilvennyha@123-reg.co.uk,643-412-5989,906 Schlimgen Point,2019-06-03T02:12:56Z,Between2mTo5m,Master,9
parentid_624,cyeulethb,Michael,Gwala,dmacenteehb@army.mil,661-823-9743,278 Kipling Court,2022-04-21T03:02:28Z,Between100kTo200k,Master,1
parentid_625,odecarolihc,Nafisa,Tshabalala,tmeininkinghc@sakura.ne.jp,239-383-7613,986 Norway Maple Plaza,2020-05-16T20:42:30Z,Between2mTo5m,Master,1
parentid_626,jmongeothd,Omar,Mamba,lughettihd@amazon.com,344-395-8885,8 Vera Avenue,2023-07-29T08:15:17Z,Below50k,Master,10
parentid_627,ryorkehe,Babajide,Fatunde,ofuentezhe@histats.com,400-729-2458,73000 Artisan Way,2022-10-05T08:59:54Z,Between200kTo500k,Master,6
parentid_628,bgenesehf,Nandi,Chukwu,atreppashf@marketwatch.com,174-119-6739,34 Drewry Drive,2021-06-28T00:45:38Z,Between200kTo500k,Master,3
parentid_629,mdeehg,Kwame,Adedeji,ksteagallhg@senate.gov,543-671-7556,8690 Cherokee Way,2020-04-29T19:37:51Z,Above5m,Master,2
parentid_630,aperullihh,Wale,Fofana,bbenningerhh@privacy.gov.au,218-279-8086,8 Truax Parkway,2018-11-29T22:53:23Z,Between200kTo500k,Master,4
parentid_631,mbuckyhi,Zola,Zulu,mbonafacinohi@sfgate.com,889-554-8416,79 Hollow Ridge Way,2021-11-16T08:20:15Z,Below50k,Master,9
parentid_632,bdowngatehj,Oladipo,Kofi,cillsleyhj@cafepress.com,675-376-2283,6447 Rockefeller Circle,2023-01-29T05:29:59Z,Between50kTo100k,Master,10
parentid_633,tteagerhk,Yusuf,Fatunde,sjoriozhk@youtube.com,627-613-5433,575 Scott Point,2020-03-29T13:34:20Z,Below50k,Master,5
parentid_634,mcockhillhl,Ibrahim,Quaye,acuberleyhl@msu.edu,460-263-8651,572 Reinke Drive,2021-04-23T00:24:31Z,Between500kTo1m,Master,8
parentid_635,bpattlelhm,Safiya,Hlongwane,tandreuttihm@godaddy.com,526-502-1429,68 7th Street,2021-08-15T22:19:26Z,Between2mTo5m,Bachelor,3
parentid_636,gswaingerhn,Mosi Emily,Chukwu,dmcguineyhn@hubpages.com,734-613-2957,279 Kinsman Street,2021-12-30T21:26:44Z,Between50kTo100k,Bachelor,5
parentid_637,vmergueho,Thabo,Sankoh,mjollyho@csmonitor.com,508-338-0398,0 Dayton Alley,2023-06-24T01:16:11Z,Above5m,Master,9
parentid_638,suglowhp,Kwame,Jallow,lleighfieldhp@topsy.com,878-287-4699,73460 Hoepker Pass,2021-12-28T08:10:07Z,Between2mTo5m,Bachelor,6
parentid_639,amacritchiehq,Jabari,Chukwu,ksturgesshq@acquirethisname.com,638-868-9840,86 Mallory Way,2021-10-22T08:44:43Z,Between500kTo1m,Master,7
parentid_640,ddoylehr,Ayodele,Dlamini,vhaselhursthr@godaddy.com,584-815-5375,42809 Karstens Lane,2020-08-18T11:16:48Z,Between50kTo100k,Master,9
parentid_641,cparfitths,Christopher,Zulu,jbletcherhs@issuu.com,946-826-5898,8 Elmside Lane,2023-05-16T11:13:19Z,Between500kTo1m,Bachelor,10
parentid_642,ajojicht,Deborah,Quagraine,dfolkerdht@upenn.edu,581-513-3917,9685 Jenna Crossing,2020-04-22T16:50:42Z,Between500kTo1m,Master,9
parentid_643,dsweetinghu,Adebola,Gwala,adericothu@trellian.com,388-850-3040,19125 Lerdahl Point,2022-05-26T17:19:48Z,Above5m,Master,6
parentid_644,rhartopphv,Mohammed,Langa,elegenhv@ehow.com,582-923-2365,2 Monica Circle,2024-02-20T23:30:19Z,Below50k,Master,2
parentid_645,lbywatershw,Zainab,Yakubu,kdankersleyhw@chronoengine.com,895-435-7053,053 Welch Parkway,2024-04-20T18:12:37Z,Below50k,Master,9
parentid_646,hgallallyhx,Chioma,Langa,ccampanahx@meetup.com,188-287-3971,685 Hoard Plaza,2021-05-22T04:26:51Z,Between50kTo100k,Bachelor,4
parentid_647,dchalcrafthy,Emmanuel,Jallow,fgrievsonhy@cloudflare.com,240-798-5015,265 Ronald Regan Hill,2023-05-23T13:36:04Z,Below50k,Secondary,10
parentid_648,icarlylehz,Omari,Juma,hcoodehz@mit.edu,943-254-1538,44444 Lillian Park,2021-10-30T20:38:23Z,Above5m,Master,5
parentid_649,eskoughi0,Zola,Odunsi,tredemilei0@samsung.com,653-562-3586,18746 Jay Drive,2024-08-21T15:22:38Z,Between50kTo100k,Primary,9
parentid_650,dgrillsi1,Ayodele,Abiodun,mclemenceti1@mail.ru,222-366-4427,3 Mcguire Crossing,2023-09-26T20:53:09Z,Above5m,Master,6
parentid_651,croullieri2,Dalia,Iwu,vdevriesi2@stanford.edu,293-796-1771,33235 Hagan Circle,2024-03-18T15:33:22Z,Above5m,Master,9
parentid_652,sgoulleei3,Gabriel,Mamba,wstairmandi3@theatlantic.com,380-944-4152,351 South Trail,2021-08-03T22:44:19Z,Between100kTo200k,Master,9
parentid_653,ealgeoi4,Khamisi,Kofi,nguarei4@admin.ch,595-377-2758,1 Bunting Point,2022-10-21T21:13:23Z,Between1mTo2m,Other,9
parentid_654,mcatheli5,Adebola,Okafor,atottoni5@virginia.edu,347-622-6863,4305 Corben Alley,2019-05-17T09:06:30Z,Below50k,Vocational,8
parentid_655,bjohnigani6,Akua,Chukwu,mschruuri6@alexa.com,721-240-9802,862 Norway Maple Junction,2019-08-18T00:54:59Z,Between500kTo1m,Master,4
parentid_656,dbirkenshawi7,Zainab,Kofi,fgarritleyi7@wikispaces.com,274-164-9682,32722 East Parkway,2024-05-02T17:22:32Z,Between1mTo2m,Master,3
parentid_657,sbudnki8,Aminata,Juma,lcomfordi8@amazonaws.com,941-736-1663,2 Becker Parkway,2020-05-14T21:53:32Z,Between200kTo500k,Bachelor,6
parentid_658,agoggeyi9,Sekou,Juma,agippi9@chronoengine.com,874-217-8785,190 Carioca Road,2019-01-03T09:22:33Z,Between50kTo100k,Master,2
parentid_659,acharretteia,Laila,Chukwu,hspataia@abc.net.au,939-783-0881,3531 Crowley Way,2021-06-14T02:12:53Z,Between1mTo2m,Master,7
parentid_660,sriveib,Zuri,Mamba,ksallingsib@blogs.com,427-483-3060,5920 Boyd Trail,2022-01-19T02:45:09Z,Between2mTo5m,Master,1
parentid_661,agregorioic,Zola,Okafor,mtasseleric@mac.com,211-465-8009,88 Mosinee Circle,2022-10-19T14:14:06Z,Between1mTo2m,Vocational,2
parentid_662,cvasiliuid,Lerato,Iwu,tmasterid@ebay.com,179-191-3640,92 Colorado Circle,2021-08-12T06:56:00Z,Between2mTo5m,Master,10
parentid_663,mscholeie,Abdullai,Diallo,jcammidgeie@liveinternet.ru,142-998-6912,64057 Almo Court,2021-09-27T08:03:08Z,Between200kTo500k,Bachelor,10
parentid_664,dortellif,Nafisa,Hassan,hjappif@mozilla.com,240-809-5134,37158 Hoepker Alley,2022-01-12T15:51:41Z,Between100kTo200k,Master,2
parentid_665,cgresserig,Zainab,Ngwenya,mduvalig@networksolutions.com,112-193-5986,90648 Declaration Terrace,2021-11-25T17:13:50Z,Below50k,Master,8
parentid_666,iharhoffih,Chioma,Amina,astoltzih@usda.gov,846-933-4713,86 Pawling Trail,2020-06-07T04:55:18Z,Between1mTo2m,Doctoral,5
parentid_667,srolesii,Khadija,Adedeji,otrueloveii@state.tx.us,373-642-5016,43827 Miller Point,2024-06-20T03:53:28Z,Below50k,Master,9
parentid_668,umantrupij,Khamisi,Tandoh,jenriettoij@about.com,538-880-5582,96 Debs Alley,2019-04-26T18:29:51Z,Between1mTo2m,Master,2
parentid_669,alanyonik,Esther,Mthembu,vvergineik@domainmarket.com,704-822-5616,66 Blue Bill Park Road,2021-04-09T16:38:51Z,Between1mTo2m,Master,8
parentid_670,jwestbrookil,Dayo,Fofana,scolchettil@usgs.gov,711-907-6842,3364 Maryland Way,2019-02-13T11:54:23Z,Between200kTo500k,Master,9
parentid_671,rrobyim,Ibrahim,Hassan,atremellanim@europa.eu,618-235-0471,91396 Schurz Pass,2022-02-16T02:50:50Z,Above5m,Master,2
parentid_672,cchallissin,Sade,Adedeji,jriddioughin@google.co.uk,828-382-8804,1 Farwell Trail,2020-04-03T22:51:54Z,Above5m,Bachelor,6
parentid_673,taceyio,Oladipo,Kofi,wbrittianio@techcrunch.com,313-424-5523,4 Sunnyside Park,2021-06-05T10:03:50Z,Between50kTo100k,Master,10
parentid_674,degertonip,Fatima,Tandoh,sderlip@imgur.com,221-707-6742,1 Havey Parkway,2020-09-12T12:37:49Z,Between1mTo2m,Bachelor,5
parentid_675,tcopperwaiteiq,Abena,Ekwenugo,gondrasekiq@illinois.edu,347-148-8735,571 Service Crossing,2021-11-16T12:31:26Z,Between500kTo1m,Master,9
parentid_676,gwheatmanir,Zainab,Udeh,rmcivorir@chronoengine.com,169-291-6423,29129 Gale Road,2022-09-07T14:28:55Z,Between200kTo500k,Vocational,8
parentid_677,fboddiceis,Halima,Quaye,rmumbeyis@gmpg.org,328-946-2844,40368 Lotheville Alley,2018-11-03T15:23:00Z,Between100kTo200k,Master,7
parentid_678,gagerit,Mosi Emily,Raji,lmccreadyit@nifty.com,693-102-1762,55 Kenwood Pass,2018-12-14T17:48:44Z,Between2mTo5m,Master,9
parentid_679,fmabbettiu,Zola,Ngwenya,pbarberaiu@vinaora.com,463-225-7851,47390 Blue Bill Park Alley,2020-03-27T15:39:25Z,Between2mTo5m,Master,10
parentid_680,cgissingiv,Sekou,Fofana,mmaskalliv@soup.io,758-754-7555,1 Grover Avenue,2022-04-11T08:53:14Z,Below50k,Bachelor,6
parentid_681,jwildboreiw,Samuel,Udeh,osedwickiw@over-blog.com,610-798-5389,6208 Village Court,2022-11-28T18:14:20Z,Between50kTo100k,Secondary,7
parentid_682,rreardenix,Hannah,Ibrahim,mmcturleyix@ameblo.jp,540-865-7945,9175 Carey Alley,2023-01-10T23:59:35Z,Between2mTo5m,Master,10
parentid_683,vdeeksiy,Khamisi,Balewa,phearoniy@usda.gov,803-692-3117,41 Jenifer Street,2020-10-31T06:45:06Z,Below50k,Master,6
parentid_684,mdalwoodiz,Mandla,Adedeji,abynertiz@fotki.com,645-184-2020,449 Rowland Center,2021-07-10T06:15:02Z,Between2mTo5m,Master,6
parentid_685,sbrownej0,Ayo,Lamine,bpatenj0@yahoo.com,560-979-9149,8003 Oakridge Road,2020-12-11T00:30:45Z,Between1mTo2m,Master,2
parentid_686,tcaisleyj1,Amina,Fofana,rhindrickj1@123-reg.co.uk,306-564-7831,3 Tennessee Court,2022-12-16T05:35:45Z,Above5m,Secondary,10
parentid_687,golivetoj2,Yusuf,Iwu,inilandj2@infoseek.co.jp,784-191-4121,0 Swallow Parkway,2021-05-24T11:38:33Z,Below50k,Master,3
parentid_688,pbaversorj3,Samuel,Iwu,mmonneryj3@de.vu,594-275-7166,6 Cherokee Trail,2022-03-09T12:03:59Z,Above5m,Master,7
parentid_689,lpartridgej4,Safiya,Pityana,lcawstonj4@zdnet.com,517-134-0711,4084 Hagan Plaza,2020-11-05T03:14:13Z,Between100kTo200k,Master,3
parentid_690,dtrewhelaj5,Kwame,Wade,predfordj5@bigcartel.com,589-473-4166,56971 Veith Park,2021-04-26T03:23:46Z,Between1mTo2m,Diploma,2
parentid_691,hhuetj6,Abigail,Tshabalala,avigarsj6@columbia.edu,939-862-1917,251 Buell Road,2023-09-15T09:19:18Z,Between500kTo1m,Master,4
parentid_692,vhuntej7,Michael,Xaba,adrewej7@cam.ac.uk,946-915-8522,18466 Rockefeller Drive,2024-06-29T03:53:55Z,Between100kTo200k,Master,8
parentid_693,aivesonj8,Dalia,Odetoyinbo,zstpaulj8@businesswire.com,227-323-8249,48504 Pennsylvania Pass,2020-06-09T06:20:48Z,Above5m,Master,6
parentid_694,mtucsellj9,Aminata,Kallon,wmariej9@printfriendly.com,541-802-1717,4079 Surrey Circle,2022-09-21T15:06:36Z,Above5m,Master,4
parentid_695,gsanpereja,Mohammed,Tshabalala,rleipeltja@oaic.gov.au,503-896-0176,55 Loftsgordon Way,2024-09-18T15:04:16Z,Between50kTo100k,Diploma,4
parentid_696,awallmanjb,Joshua,Radebe,gstovoldjb@amazon.com,983-214-6420,45 School Parkway,2024-01-26T21:50:11Z,Below50k,Master,7
parentid_697,rpreonjc,Mosi Emily,Juma,ranscombejc@usgs.gov,995-441-0335,02 Delaware Trail,2020-07-29T09:41:31Z,Between200kTo500k,Vocational,10
parentid_698,gvanjd,Jamila,Juma,dguidettijd@home.pl,325-516-8289,9 Manufacturers Center,2023-02-22T13:04:33Z,Above5m,Master,2
parentid_699,jmcknielyje,Emmanuel,Malik,yhenlonje@acquirethisname.com,968-183-0496,4 Anhalt Trail,2019-11-30T05:57:24Z,Between1mTo2m,Master,5
parentid_700,fcandeyjf,Farai,Sankoh,dvaudreyjf@psu.edu,134-778-7359,8025 Pankratz Plaza,2024-07-18T22:45:59Z,Below50k,Bachelor,5
parentid_701,jgergherjg,Abigail,Okafor,mtarbardjg@home.pl,166-962-2021,34821 Hudson Street,2021-04-22T07:48:11Z,Below50k,Bachelor,3
parentid_702,swillmontjh,Omar,Mamba,kdudbridgejh@artisteer.com,680-671-9106,199 Jana Trail,2020-06-01T01:56:14Z,Above5m,Master,3
parentid_703,sohalliganji,Abdulrahman,Ncube,bjobesji@europa.eu,501-892-8271,7 Mcguire Street,2024-03-20T16:09:31Z,Between500kTo1m,Master,9
parentid_704,fsheerejj,Hassan.,Fofana,pbarbierjj@independent.co.uk,747-764-8695,804 Fordem Way,2022-09-24T14:07:05Z,Between50kTo100k,Master,4
parentid_705,kpenderjk,Ngozi,Adedeji,jgiacomuzzijk@printfriendly.com,886-577-3346,9604 Hoepker Park,2018-12-03T07:54:28Z,Between50kTo100k,Doctoral,3
parentid_706,jjeanesjl,Olufemi,Hlongwane,iburberyejl@cbslocal.com,979-269-9426,17437 Bay Point,2020-09-03T10:15:38Z,Between1mTo2m,Master,7
parentid_707,ltabardjm,Zuri,Odunsi,ltaptonjm@boston.com,833-251-8707,825 Corry Place,2020-11-21T03:28:45Z,Between200kTo500k,Master,5
parentid_708,jshipcottjn,Mosi Emily,Hlongwane,gkulverjn@nature.com,529-182-2793,35990 Northwestern Place,2023-11-17T07:43:10Z,Between1mTo2m,Master,6
parentid_709,asorriejo,Eshe,Langa,qnanojo@ucla.edu,416-787-2643,546 Esch Circle,2023-02-03T09:54:39Z,Between2mTo5m,Master,7
parentid_710,akolesjp,Omar,Tandoh,bshieldsjp@diigo.com,294-384-9987,20 Oxford Crossing,2020-05-21T21:13:53Z,Between2mTo5m,Master,7
parentid_711,sshitliffejq,Fatima,Pityana,xmartjq@sun.com,250-506-8192,38059 Sutteridge Crossing,2022-07-27T07:14:29Z,Between1mTo2m,Master,7
parentid_712,nolandjr,Omari,Mamba,mwillsheejr@goo.gl,715-404-6123,79 Becker Way,2022-07-24T09:07:13Z,Between1mTo2m,Master,9
parentid_713,imallisonjs,Omari,Abdullai,ctuejs@cocolog-nifty.com,301-418-5251,3 Melody Alley,2021-10-04T16:24:27Z,Between100kTo200k,Master,6
parentid_714,aleamanjt,Deborah,Lamine,gkilpinjt@themeforest.net,928-506-0670,19 Riverside Plaza,2020-04-27T07:15:18Z,Between1mTo2m,Master,8
parentid_715,tgatrillju,Khadija,Ibrahim,bmcmanamanju@google.com,157-303-1700,498 Lukken Place,2020-01-14T01:59:16Z,Between100kTo200k,Master,9
parentid_716,gelmhirstjv,Victoria,Fatunde,rstoffersjv@imageshack.us,243-645-7307,0 Reindahl Circle,2023-12-15T16:42:41Z,Above5m,Master,9
parentid_717,jgrobjw,Nia,Mamba,gellinorjw@slideshare.net,676-915-9078,69058 Hazelcrest Crossing,2020-08-20T11:44:32Z,Between2mTo5m,Bachelor,9
parentid_718,ewrightemjx,Kwame,Chukwu,glyndejx@geocities.com,112-475-0365,9 Maple Junction,2019-04-30T23:14:43Z,Between50kTo100k,Master,7
parentid_719,marcasejy,Nafisa,Malik,gtoplisjy@amazonaws.com,493-123-0338,51066 Bashford Place,2019-03-12T03:08:02Z,Between500kTo1m,Diploma,4
parentid_720,fpalliserjz,Amara,Ekwenugo,bgonsalvojz@ifeng.com,216-596-9971,22 Menomonie Circle,2019-11-30T00:33:26Z,Between2mTo5m,Master,7